Name,Type of Body,LSGI Name,Constituency,Sl. No. of Constituency
Enmakaje,Grama Panchayat,Enmakaje Grama Panchayat,Manjeshwar,1
Kumbla,Grama Panchayat,Kumbla Grama Panchayat,Manjeshwar,1
Mangalpady,Grama Panchayat,Mangalpady Grama Panchayat,Manjeshwar,1
Manjeshwar,Grama Panchayat,Manjeshwar Grama Panchayat,Manjeshwar,1
Meenja,Grama Panchayat,Meenja Grama Panchayat,Manjeshwar,1
Paivalike,Grama Panchayat,Paivalike Grama Panchayat,Manjeshwar,1
Puthige,Grama Panchayat,Puthige Grama Panchayat,Manjeshwar,1
Vorkady,Grama Panchayat,Vorkady Grama Panchayat,Manjeshwar,1
Kasaragod Municipality,Municipality,Kasaragod Municipality,Kasaragod,2
Badiadka,Grama Panchayat,Badiadka Grama Panchayat,Kasaragod,2
Bellur,Grama Panchayat,Bellur Grama Panchayat,Kasaragod,2
Chengala,Grama Panchayat,Chengala Grama Panchayat,Kasaragod,2
Karadka,Grama Panchayat,Karadka Grama Panchayat,Kasaragod,2
Kumbdaje,Grama Panchayat,Kumbdaje Grama Panchayat,Kasaragod,2
Madhur,Grama Panchayat,Madhur Grama Panchayat,Kasaragod,2
Mogral Puthur,Grama Panchayat,Mogral Puthur Grama Panchayat,Kasaragod,2
Bedadka,Grama Panchayat,Bedadka Grama Panchayat,Udma,3
Chemnad,Grama Panchayat,Chemnad Grama Panchayat,Udma,3
Delampady,Grama Panchayat,Delampady Grama Panchayat,Udma,3
Kuttikole,Grama Panchayat,Kuttikole Grama Panchayat,Udma,3
Muliyar,Grama Panchayat,Muliyar Grama Panchayat,Udma,3
and Pallikere,Grama Panchayat,and Pallikere Grama Panchayat,Udma,3
Pullur-Periya,Grama Panchayat,Pullur-Periya Grama Panchayat,Udma,3
Udma,Grama Panchayat,Udma Grama Panchayat,Udma,3
Kanhangad Muncipality,Grama Panchayat,Kanhangad Muncipality Grama Panchayat,Kanhangad,4
Ajanur,Grama Panchayat,Ajanur Grama Panchayat,Kanhangad,4
Balal,Grama Panchayat,Balal Grama Panchayat,Kanhangad,4
Kallar,Grama Panchayat,Kallar Grama Panchayat,Kanhangad,4
Kinanoor – Karindalam,Grama Panchayat,Kinanoor – Karindalam Grama Panchayat,Kanhangad,4
Kodom-Belur,Grama Panchayat,Kodom-Belur Grama Panchayat,Kanhangad,4
Madikai,Grama Panchayat,Madikai Grama Panchayat,Kanhangad,4
Panathady,Grama Panchayat,Panathady Grama Panchayat,Kanhangad,4
Cheruvathur,Grama Panchayat,Cheruvathur Grama Panchayat,Trikaripur,5
East Eleri,Grama Panchayat,East Eleri Grama Panchayat,Trikaripur,5
Kayyur-Cheemeni,Grama Panchayat,Kayyur-Cheemeni Grama Panchayat,Trikaripur,5
Nileshwar,Grama Panchayat,Nileshwar Grama Panchayat,Trikaripur,5
Padne,Grama Panchayat,Padne Grama Panchayat,Trikaripur,5
Pilicode,Grama Panchayat,Pilicode Grama Panchayat,Trikaripur,5
Trikaripur,Grama Panchayat,Trikaripur Grama Panchayat,Trikaripur,5
Valiyaparamba,Grama Panchayat,Valiyaparamba Grama Panchayat,Trikaripur,5
West Eleri,Grama Panchayat,West Eleri Grama Panchayat,Trikaripur,5
Payyannur Municipality,Municipality,Payyannur Municipality,Payyannur,6
Cherupuzha,Grama Panchayat,Cherupuzha Grama Panchayat,Payyannur,6
Eramamkuttoor,Grama Panchayat,Eramamkuttoor Grama Panchayat,Payyannur,6
Kankole–Alapadamba,Grama Panchayat,Kankole–Alapadamba Grama Panchayat,Payyannur,6
Karivellur Peralam,Grama Panchayat,Karivellur Peralam Grama Panchayat,Payyannur,6
Peringome Vayakkara,Grama Panchayat,Peringome Vayakkara Grama Panchayat,Payyannur,6
Ramanthali,Grama Panchayat,Ramanthali Grama Panchayat,Payyannur,6
Cherukunnu,Grama Panchayat,Cherukunnu Grama Panchayat,Kalliasseri,7
Cheruthazham,Grama Panchayat,Cheruthazham Grama Panchayat,Kalliasseri,7
Ezhome,Grama Panchayat,Ezhome Grama Panchayat,Kalliasseri,7
Kadannappalli-Panapuzha,Grama Panchayat,Kadannappalli-Panapuzha Grama Panchayat,Kalliasseri,7
Kalliasseri,Grama Panchayat,Kalliasseri Grama Panchayat,Kalliasseri,7
Kannapuram,Grama Panchayat,Kannapuram Grama Panchayat,Kalliasseri,7
Kunhimangalam,Grama Panchayat,Kunhimangalam Grama Panchayat,Kalliasseri,7
Madayi,Grama Panchayat,Madayi Grama Panchayat,Kalliasseri,7
Mattool,Grama Panchayat,Mattool Grama Panchayat,Kalliasseri,7
and Pattuvam,Grama Panchayat,and Pattuvam Grama Panchayat,Kalliasseri,7
Taliparamba Municipality,Municipality,Taliparamba Municipality,Taliparamba,8
Chapparapadavu,Grama Panchayat,Chapparapadavu Grama Panchayat,Taliparamba,8
Kurumathur,Grama Panchayat,Kurumathur Grama Panchayat,Taliparamba,8
Kolacherry,Grama Panchayat,Kolacherry Grama Panchayat,Taliparamba,8
Kuttiattoor,Grama Panchayat,Kuttiattoor Grama Panchayat,Taliparamba,8
Malapattam,Grama Panchayat,Malapattam Grama Panchayat,Taliparamba,8
Mayyil,Grama Panchayat,Mayyil Grama Panchayat,Taliparamba,8
and Pariyaram,Grama Panchayat,and Pariyaram Grama Panchayat,Taliparamba,8
Chengalayi,Grama Panchayat,Chengalayi Grama Panchayat,Irikkur,9
Eruvassy,Grama Panchayat,Eruvassy Grama Panchayat,Irikkur,9
Irikkur,Grama Panchayat,Irikkur Grama Panchayat,Irikkur,9
Payyavoor,Grama Panchayat,Payyavoor Grama Panchayat,Irikkur,9
Sreekandapuram,Grama Panchayat,Sreekandapuram Grama Panchayat,Irikkur,9
Alakode,Grama Panchayat,Alakode Grama Panchayat,Irikkur,9
Naduvil,Grama Panchayat,Naduvil Grama Panchayat,Irikkur,9
Udayagiri,Grama Panchayat,Udayagiri Grama Panchayat,Irikkur,9
Ulikkal,Grama Panchayat,Ulikkal Grama Panchayat,Irikkur,9
Azhikode,Grama Panchayat,Azhikode Grama Panchayat,Azhikode,10
Chirakkal,Grama Panchayat,Chirakkal Grama Panchayat,Azhikode,10
Narath,Grama Panchayat,Narath Grama Panchayat,Azhikode,10
Pallikkunnu,Grama Panchayat,Pallikkunnu Grama Panchayat,Azhikode,10
Pappinisseri,Grama Panchayat,Pappinisseri Grama Panchayat,Azhikode,10
Puzhathi,Grama Panchayat,Puzhathi Grama Panchayat,Azhikode,10
Valapattanam,Grama Panchayat,Valapattanam Grama Panchayat,Azhikode,10
Kannur Municipality,Municipality,Kannur Municipality,Kannur,11
Chelora,Grama Panchayat,Chelora Grama Panchayat,Kannur,11
Edakkad,Grama Panchayat,Edakkad Grama Panchayat,Kannur,11
Elayavoor,Grama Panchayat,Elayavoor Grama Panchayat,Kannur,11
Munderi,Grama Panchayat,Munderi Grama Panchayat,Kannur,11
Anjarakandy,Grama Panchayat,Anjarakandy Grama Panchayat,Dharmadam,12
Chembilode,Grama Panchayat,Chembilode Grama Panchayat,Dharmadam,12
Kadambur,Grama Panchayat,Kadambur Grama Panchayat,Dharmadam,12
Muzhappilangad,Grama Panchayat,Muzhappilangad Grama Panchayat,Dharmadam,12
Peralasseri,Grama Panchayat,Peralasseri Grama Panchayat,Dharmadam,12
and Dharmadam,Grama Panchayat,and Dharmadam Grama Panchayat,Dharmadam,12
Pinarayi,Grama Panchayat,Pinarayi Grama Panchayat,Dharmadam,12
Vengad,Grama Panchayat,Vengad Grama Panchayat,Dharmadam,12
Thalassery Municipality,Municipality,Thalassery Municipality,Thalassery,13
Chockli,Grama Panchayat,Chockli Grama Panchayat,Thalassery,13
Eranholi,Grama Panchayat,Eranholi Grama Panchayat,Thalassery,13
Kadirur,Grama Panchayat,Kadirur Grama Panchayat,Thalassery,13
New–Mahe,Grama Panchayat,New–Mahe Grama Panchayat,Thalassery,13
Panniyannur,Grama Panchayat,Panniyannur Grama Panchayat,Thalassery,13
Kuthuparamba Municipality,Municipality,Kuthuparamba Municipality,Kuthuparamba,14
Kariyad,Grama Panchayat,Kariyad Grama Panchayat,Kuthuparamba,14
Kottayam –Malabar,Grama Panchayat,Kottayam –Malabar Grama Panchayat,Kuthuparamba,14
Kunnothuparambu,Grama Panchayat,Kunnothuparambu Grama Panchayat,Kuthuparamba,14
Mokeri,Grama Panchayat,Mokeri Grama Panchayat,Kuthuparamba,14
Panoor,Grama Panchayat,Panoor Grama Panchayat,Kuthuparamba,14
Pattiom,Grama Panchayat,Pattiom Grama Panchayat,Kuthuparamba,14
Peringalam,Grama Panchayat,Peringalam Grama Panchayat,Kuthuparamba,14
Thriprangottur,Grama Panchayat,Thriprangottur Grama Panchayat,Kuthuparamba,14
Mattannur Municipality,Municipality,Mattannur Municipality,Mattannur,15
Chittariparamba,Grama Panchayat,Chittariparamba Grama Panchayat,Mattannur,15
Keezhallur,Grama Panchayat,Keezhallur Grama Panchayat,Mattannur,15
Koodali,Grama Panchayat,Koodali Grama Panchayat,Mattannur,15
Malur,Grama Panchayat,Malur Grama Panchayat,Mattannur,15
Mangattidam,Grama Panchayat,Mangattidam Grama Panchayat,Mattannur,15
Kolayad,Grama Panchayat,Kolayad Grama Panchayat,Mattannur,15
Thillenkeri,Grama Panchayat,Thillenkeri Grama Panchayat,Mattannur,15
and Padiyur-Kalliad,Grama Panchayat,and Padiyur-Kalliad Grama Panchayat,Mattannur,15
Aralam,Grama Panchayat,Aralam Grama Panchayat,Peravoor,16
Ayyankunnu,Grama Panchayat,Ayyankunnu Grama Panchayat,Peravoor,16
Kanichar,Grama Panchayat,Kanichar Grama Panchayat,Peravoor,16
Keezhur- Chavassery,Grama Panchayat,Keezhur- Chavassery Grama Panchayat,Peravoor,16
Kelakam,Grama Panchayat,Kelakam Grama Panchayat,Peravoor,16
Kottiyoor,Grama Panchayat,Kottiyoor Grama Panchayat,Peravoor,16
Muzhakkunnu,Grama Panchayat,Muzhakkunnu Grama Panchayat,Peravoor,16
Payam,Grama Panchayat,Payam Grama Panchayat,Peravoor,16
and Peravoor,Grama Panchayat,and Peravoor Grama Panchayat,Peravoor,16
Edavaka,Grama Panchayat,Edavaka Grama Panchayat,Mananthavady (ST),17
Mananthavady,Grama Panchayat,Mananthavady Grama Panchayat,Mananthavady (ST),17
Panamaram,Grama Panchayat,Panamaram Grama Panchayat,Mananthavady (ST),17
Thavinhal,Grama Panchayat,Thavinhal Grama Panchayat,Mananthavady (ST),17
Thirunelly,Grama Panchayat,Thirunelly Grama Panchayat,Mananthavady (ST),17
Thondernad,Grama Panchayat,Thondernad Grama Panchayat,Mananthavady (ST),17
Vellamunda,Grama Panchayat,Vellamunda Grama Panchayat,Mananthavady (ST),17
Ambalavayal,Grama Panchayat,Ambalavayal Grama Panchayat,Sulthanbathery (ST),18
Meenangadi,Grama Panchayat,Meenangadi Grama Panchayat,Sulthanbathery (ST),18
Mullenkolly,Grama Panchayat,Mullenkolly Grama Panchayat,Sulthanbathery (ST),18
Nenmeni,Grama Panchayat,Nenmeni Grama Panchayat,Sulthanbathery (ST),18
Noolpuzha,Grama Panchayat,Noolpuzha Grama Panchayat,Sulthanbathery (ST),18
Poothadi,Grama Panchayat,Poothadi Grama Panchayat,Sulthanbathery (ST),18
Pulpalli,Grama Panchayat,Pulpalli Grama Panchayat,Sulthanbathery (ST),18
Sulthanbathery,Grama Panchayat,Sulthanbathery Grama Panchayat,Sulthanbathery (ST),18
Kalpetta Municipality,Municipality,Kalpetta Municipality,Kalpetta,19
Kaniambetta,Grama Panchayat,Kaniambetta Grama Panchayat,Kalpetta,19
Kottathara,Grama Panchayat,Kottathara Grama Panchayat,Kalpetta,19
Meppady,Grama Panchayat,Meppady Grama Panchayat,Kalpetta,19
Muppainad,Grama Panchayat,Muppainad Grama Panchayat,Kalpetta,19
Muttil,Grama Panchayat,Muttil Grama Panchayat,Kalpetta,19
Padinharethara,Grama Panchayat,Padinharethara Grama Panchayat,Kalpetta,19
Pozhuthana,Grama Panchayat,Pozhuthana Grama Panchayat,Kalpetta,19
Thariyode,Grama Panchayat,Thariyode Grama Panchayat,Kalpetta,19
Vengappally,Grama Panchayat,Vengappally Grama Panchayat,Kalpetta,19
Vythiri,Grama Panchayat,Vythiri Grama Panchayat,Kalpetta,19
Vadakara Municipality,Municipality,Vadakara Municipality,Vadakara,20
Azhiyur,Grama Panchayat,Azhiyur Grama Panchayat,Vadakara,20
Chorode,Grama Panchayat,Chorode Grama Panchayat,Vadakara,20
Eramala,Grama Panchayat,Eramala Grama Panchayat,Vadakara,20
Onchiam,Grama Panchayat,Onchiam Grama Panchayat,Vadakara,20
Ayancheri,Grama Panchayat,Ayancheri Grama Panchayat,Kuttiadi,21
Kunnummal,Grama Panchayat,Kunnummal Grama Panchayat,Kuttiadi,21
Kuttiadi,Grama Panchayat,Kuttiadi Grama Panchayat,Kuttiadi,21
Purameri,Grama Panchayat,Purameri Grama Panchayat,Kuttiadi,21
Thiruvallur,Grama Panchayat,Thiruvallur Grama Panchayat,Kuttiadi,21
Velom,Grama Panchayat,Velom Grama Panchayat,Kuttiadi,21
Maniyur,Grama Panchayat,Maniyur Grama Panchayat,Kuttiadi,21
Villiappally,Grama Panchayat,Villiappally Grama Panchayat,Kuttiadi,21
Chekkiad,Grama Panchayat,Chekkiad Grama Panchayat,Nadapuram,22
Edacheri,Grama Panchayat,Edacheri Grama Panchayat,Nadapuram,22
Kavilumpara,Grama Panchayat,Kavilumpara Grama Panchayat,Nadapuram,22
Kayakkodi,Grama Panchayat,Kayakkodi Grama Panchayat,Nadapuram,22
Maruthonkara,Grama Panchayat,Maruthonkara Grama Panchayat,Nadapuram,22
Nadapuram,Grama Panchayat,Nadapuram Grama Panchayat,Nadapuram,22
Narippatta,Grama Panchayat,Narippatta Grama Panchayat,Nadapuram,22
Thuneri,Grama Panchayat,Thuneri Grama Panchayat,Nadapuram,22
Valayam,Grama Panchayat,Valayam Grama Panchayat,Nadapuram,22
Vanimel,Grama Panchayat,Vanimel Grama Panchayat,Nadapuram,22
Quilandy Municipality,Municipality,Quilandy Municipality,Quilandy,23
Chemancheri,Grama Panchayat,Chemancheri Grama Panchayat,Quilandy,23
Chengottukavu,Grama Panchayat,Chengottukavu Grama Panchayat,Quilandy,23
Moodadi,Grama Panchayat,Moodadi Grama Panchayat,Quilandy,23
Payyoli,Grama Panchayat,Payyoli Grama Panchayat,Quilandy,23
Thikkody,Grama Panchayat,Thikkody Grama Panchayat,Quilandy,23
Arikkulam,Grama Panchayat,Arikkulam Grama Panchayat,Perambra,24
Chakkittapara,Grama Panchayat,Chakkittapara Grama Panchayat,Perambra,24
Changaroth,Grama Panchayat,Changaroth Grama Panchayat,Perambra,24
Cheruvannur,Grama Panchayat,Cheruvannur Grama Panchayat,Perambra,24
Keezhariyur,Grama Panchayat,Keezhariyur Grama Panchayat,Perambra,24
Koothali,Grama Panchayat,Koothali Grama Panchayat,Perambra,24
Meppayyur,Grama Panchayat,Meppayyur Grama Panchayat,Perambra,24
Nochad,Grama Panchayat,Nochad Grama Panchayat,Perambra,24
Perambra,Grama Panchayat,Perambra Grama Panchayat,Perambra,24
Thurayur,Grama Panchayat,Thurayur Grama Panchayat,Perambra,24
Atholi,Grama Panchayat,Atholi Grama Panchayat,Balusseri (SC),25
Balusseri,Grama Panchayat,Balusseri Grama Panchayat,Balusseri (SC),25
Kayanna,Grama Panchayat,Kayanna Grama Panchayat,Balusseri (SC),25
Koorachundu,Grama Panchayat,Koorachundu Grama Panchayat,Balusseri (SC),25
Kottur,Grama Panchayat,Kottur Grama Panchayat,Balusseri (SC),25
Naduvannur,Grama Panchayat,Naduvannur Grama Panchayat,Balusseri (SC),25
Panangad,Grama Panchayat,Panangad Grama Panchayat,Balusseri (SC),25
Ulliyeri,Grama Panchayat,Ulliyeri Grama Panchayat,Balusseri (SC),25
Unnikulam,Grama Panchayat,Unnikulam Grama Panchayat,Balusseri (SC),25
Chelannur,Grama Panchayat,Chelannur Grama Panchayat,Elathur,26
Elathur,Grama Panchayat,Elathur Grama Panchayat,Elathur,26
Kakkodi,Grama Panchayat,Kakkodi Grama Panchayat,Elathur,26
Kakkur,Grama Panchayat,Kakkur Grama Panchayat,Elathur,26
Kuruvattur,Grama Panchayat,Kuruvattur Grama Panchayat,Elathur,26
Nanmanda,Grama Panchayat,Nanmanda Grama Panchayat,Elathur,26
Thalakkulathur,Grama Panchayat,Thalakkulathur Grama Panchayat,Elathur,26
Ward No. 1,Municipal Corporation,Kozhikode Municipal Corporation,Kozhikode North,27
Ward No. 2,Municipal Corporation,Kozhikode Municipal Corporation,Kozhikode North,27
Ward No. 3,Municipal Corporation,Kozhikode Municipal Corporation,Kozhikode North,27
Ward No. 4,Municipal Corporation,Kozhikode Municipal Corporation,Kozhikode North,27
Ward No. 5,Municipal Corporation,Kozhikode Municipal Corporation,Kozhikode North,27
Ward No. 6,Municipal Corporation,Kozhikode Municipal Corporation,Kozhikode North,27
Ward No. 7,Municipal Corporation,Kozhikode Municipal Corporation,Kozhikode North,27
Ward No. 8,Municipal Corporation,Kozhikode Municipal Corporation,Kozhikode North,27
Ward No. 9,Municipal Corporation,Kozhikode Municipal Corporation,Kozhikode North,27
Ward No. 10,Municipal Corporation,Kozhikode Municipal Corporation,Kozhikode North,27
Ward No. 11,Municipal Corporation,Kozhikode Municipal Corporation,Kozhikode North,27
Ward No. 12,Municipal Corporation,Kozhikode Municipal Corporation,Kozhikode North,27
Ward No. 13,Municipal Corporation,Kozhikode Municipal Corporation,Kozhikode North,27
Ward No. 14,Municipal Corporation,Kozhikode Municipal Corporation,Kozhikode North,27
Ward No. 15,Municipal Corporation,Kozhikode Municipal Corporation,Kozhikode North,27
Ward No. 16,Municipal Corporation,Kozhikode Municipal Corporation,Kozhikode North,27
Ward No. 39,Municipal Corporation,Kozhikode Municipal Corporation,Kozhikode North,27
Ward No. 40,Municipal Corporation,Kozhikode Municipal Corporation,Kozhikode North,27
Ward No. 42,Municipal Corporation,Kozhikode Municipal Corporation,Kozhikode North,27
Ward No. 43,Municipal Corporation,Kozhikode Municipal Corporation,Kozhikode North,27
Ward No. 44,Municipal Corporation,Kozhikode Municipal Corporation,Kozhikode North,27
Ward No. 45,Municipal Corporation,Kozhikode Municipal Corporation,Kozhikode North,27
Ward No. 46,Municipal Corporation,Kozhikode Municipal Corporation,Kozhikode North,27
Ward No. 47,Municipal Corporation,Kozhikode Municipal Corporation,Kozhikode North,27
Ward No. 48,Municipal Corporation,Kozhikode Municipal Corporation,Kozhikode North,27
Ward No. 49,Municipal Corporation,Kozhikode Municipal Corporation,Kozhikode North,27
Ward No. 50,Municipal Corporation,Kozhikode Municipal Corporation,Kozhikode North,27
Ward No. 51,Municipal Corporation,Kozhikode Municipal Corporation,Kozhikode North,27
Ward No. 17,Municipal Corporation,Kozhikode Municipal Corporation,Kozhikode South,28
Ward No. 18,Municipal Corporation,Kozhikode Municipal Corporation,Kozhikode South,28
Ward No. 19,Municipal Corporation,Kozhikode Municipal Corporation,Kozhikode South,28
Ward No. 20,Municipal Corporation,Kozhikode Municipal Corporation,Kozhikode South,28
Ward No. 21,Municipal Corporation,Kozhikode Municipal Corporation,Kozhikode South,28
Ward No. 22,Municipal Corporation,Kozhikode Municipal Corporation,Kozhikode South,28
Ward No. 23,Municipal Corporation,Kozhikode Municipal Corporation,Kozhikode South,28
Ward No. 24,Municipal Corporation,Kozhikode Municipal Corporation,Kozhikode South,28
Ward No. 25,Municipal Corporation,Kozhikode Municipal Corporation,Kozhikode South,28
Ward No. 26,Municipal Corporation,Kozhikode Municipal Corporation,Kozhikode South,28
Ward No. 27,Municipal Corporation,Kozhikode Municipal Corporation,Kozhikode South,28
Ward No. 28,Municipal Corporation,Kozhikode Municipal Corporation,Kozhikode South,28
Ward No. 29,Municipal Corporation,Kozhikode Municipal Corporation,Kozhikode South,28
Ward No. 30,Municipal Corporation,Kozhikode Municipal Corporation,Kozhikode South,28
Ward No. 31,Municipal Corporation,Kozhikode Municipal Corporation,Kozhikode South,28
Ward No. 32,Municipal Corporation,Kozhikode Municipal Corporation,Kozhikode South,28
Ward No. 33,Municipal Corporation,Kozhikode Municipal Corporation,Kozhikode South,28
Ward No. 34,Municipal Corporation,Kozhikode Municipal Corporation,Kozhikode South,28
Ward No. 35,Municipal Corporation,Kozhikode Municipal Corporation,Kozhikode South,28
Ward No. 36,Municipal Corporation,Kozhikode Municipal Corporation,Kozhikode South,28
Ward No. 37,Municipal Corporation,Kozhikode Municipal Corporation,Kozhikode South,28
Ward No. 38,Municipal Corporation,Kozhikode Municipal Corporation,Kozhikode South,28
Ward No. 41,Municipal Corporation,Kozhikode Municipal Corporation,Kozhikode South,28
Beypore,Grama Panchayat,Beypore Grama Panchayat,Beypore,29
Cheruvannur-Nallalam,Grama Panchayat,Cheruvannur-Nallalam Grama Panchayat,Beypore,29
Feroke,Grama Panchayat,Feroke Grama Panchayat,Beypore,29
Kadalundi,Grama Panchayat,Kadalundi Grama Panchayat,Beypore,29
Ramanattukara,Grama Panchayat,Ramanattukara Grama Panchayat,Beypore,29
Chathamangalam,Grama Panchayat,Chathamangalam Grama Panchayat,Kunnamangalam,30
Kunnamangalam,Grama Panchayat,Kunnamangalam Grama Panchayat,Kunnamangalam,30
Mavoor,Grama Panchayat,Mavoor Grama Panchayat,Kunnamangalam,30
Olavanna,Grama Panchayat,Olavanna Grama Panchayat,Kunnamangalam,30
Perumanna,Grama Panchayat,Perumanna Grama Panchayat,Kunnamangalam,30
Peruvayal,Grama Panchayat,Peruvayal Grama Panchayat,Kunnamangalam,30
Kizhakkoth,Grama Panchayat,Kizhakkoth Grama Panchayat,Koduvally,31
Koduvally,Grama Panchayat,Koduvally Grama Panchayat,Koduvally,31
Madavoor,Grama Panchayat,Madavoor Grama Panchayat,Koduvally,31
Narikkuni,Grama Panchayat,Narikkuni Grama Panchayat,Koduvally,31
Omassery,Grama Panchayat,Omassery Grama Panchayat,Koduvally,31
Thamarassery,Grama Panchayat,Thamarassery Grama Panchayat,Koduvally,31
Karassery,Grama Panchayat,Karassery Grama Panchayat,Thiruvambadi,32
Kodencheri,Grama Panchayat,Kodencheri Grama Panchayat,Thiruvambadi,32
Kodiyathur,Grama Panchayat,Kodiyathur Grama Panchayat,Thiruvambadi,32
Koodaranji,Grama Panchayat,Koodaranji Grama Panchayat,Thiruvambadi,32
Mukkom,Grama Panchayat,Mukkom Grama Panchayat,Thiruvambadi,32
Puthuppadi,Grama Panchayat,Puthuppadi Grama Panchayat,Thiruvambadi,32
Thiruvambadi,Grama Panchayat,Thiruvambadi Grama Panchayat,Thiruvambadi,32
Cheacode,Grama Panchayat,Cheacode Grama Panchayat,Kondotty,33
Cherukavu,Grama Panchayat,Cherukavu Grama Panchayat,Kondotty,33
Kondotty,Grama Panchayat,Kondotty Grama Panchayat,Kondotty,33
Pulikkal,Grama Panchayat,Pulikkal Grama Panchayat,Kondotty,33
Vazhakkad,Grama Panchayat,Vazhakkad Grama Panchayat,Kondotty,33
Nediyiruppu,Grama Panchayat,Nediyiruppu Grama Panchayat,Kondotty,33
and Vazhayur,Grama Panchayat,and Vazhayur Grama Panchayat,Kondotty,33
Chaliyar,Grama Panchayat,Chaliyar Grama Panchayat,Ernad,34
and Areacode,Grama Panchayat,and Areacode Grama Panchayat,Ernad,34
Edavanna,Grama Panchayat,Edavanna Grama Panchayat,Ernad,34
Kavannoor,Grama Panchayat,Kavannoor Grama Panchayat,Ernad,34
Kizhuparamba,Grama Panchayat,Kizhuparamba Grama Panchayat,Ernad,34
Urangattiri,Grama Panchayat,Urangattiri Grama Panchayat,Ernad,34
Kuzhimanna,Grama Panchayat,Kuzhimanna Grama Panchayat,Ernad,34
Amarambalam,Grama Panchayat,Amarambalam Grama Panchayat,Nilambur,35
Chungathara,Grama Panchayat,Chungathara Grama Panchayat,Nilambur,35
Edakkara,Grama Panchayat,Edakkara Grama Panchayat,Nilambur,35
Karulai,Grama Panchayat,Karulai Grama Panchayat,Nilambur,35
Moothedam,Grama Panchayat,Moothedam Grama Panchayat,Nilambur,35
Nilambur,Grama Panchayat,Nilambur Grama Panchayat,Nilambur,35
Pothukal,Grama Panchayat,Pothukal Grama Panchayat,Nilambur,35
Vazhikkadavu,Grama Panchayat,Vazhikkadavu Grama Panchayat,Nilambur,35
Chokkad,Grama Panchayat,Chokkad Grama Panchayat,Wandoor (SC),36
Kalikavu,Grama Panchayat,Kalikavu Grama Panchayat,Wandoor (SC),36
Karuvarakundu,Grama Panchayat,Karuvarakundu Grama Panchayat,Wandoor (SC),36
Mampad,Grama Panchayat,Mampad Grama Panchayat,Wandoor (SC),36
Porur,Grama Panchayat,Porur Grama Panchayat,Wandoor (SC),36
Thiruvali,Grama Panchayat,Thiruvali Grama Panchayat,Wandoor (SC),36
Thuvvur,Grama Panchayat,Thuvvur Grama Panchayat,Wandoor (SC),36
Wandoor,Grama Panchayat,Wandoor Grama Panchayat,Wandoor (SC),36
Manjeri Municipality,Municipality,Manjeri Municipality,Manjeri,37
Pandikkad,Grama Panchayat,Pandikkad Grama Panchayat,Manjeri,37
Trikkalangode,Grama Panchayat,Trikkalangode Grama Panchayat,Manjeri,37
and Edappatta,Grama Panchayat,and Edappatta Grama Panchayat,Manjeri,37
Keezhattur,Grama Panchayat,Keezhattur Grama Panchayat,Manjeri,37
Perinthalmanna Municipality,Municipality,Perinthalmanna Municipality,Perinthalmanna,38
Aliparamba,Grama Panchayat,Aliparamba Grama Panchayat,Perinthalmanna,38
Elamkulam,Grama Panchayat,Elamkulam Grama Panchayat,Perinthalmanna,38
Pulamanthole,Grama Panchayat,Pulamanthole Grama Panchayat,Perinthalmanna,38
Thazhekode,Grama Panchayat,Thazhekode Grama Panchayat,Perinthalmanna,38
Vettathur,Grama Panchayat,Vettathur Grama Panchayat,Perinthalmanna,38
Melattur,Grama Panchayat,Melattur Grama Panchayat,Perinthalmanna,38
Angadippuram,Grama Panchayat,Angadippuram Grama Panchayat,Mankada,39
Koottilangadi,Grama Panchayat,Koottilangadi Grama Panchayat,Mankada,39
Kuruva,Grama Panchayat,Kuruva Grama Panchayat,Mankada,39
Makkaraparamba,Grama Panchayat,Makkaraparamba Grama Panchayat,Mankada,39
Mankada,Grama Panchayat,Mankada Grama Panchayat,Mankada,39
Moorkkanad,Grama Panchayat,Moorkkanad Grama Panchayat,Mankada,39
Puzhakkattiri,Grama Panchayat,Puzhakkattiri Grama Panchayat,Mankada,39
Malappuram Municipality,Municipality,Malappuram Municipality,Malappuram,40
Morayur,Grama Panchayat,Morayur Grama Panchayat,Malappuram,40
Pookkottur,Grama Panchayat,Pookkottur Grama Panchayat,Malappuram,40
Anakkayam,Grama Panchayat,Anakkayam Grama Panchayat,Malappuram,40
Pulpatta,Grama Panchayat,Pulpatta Grama Panchayat,Malappuram,40
and Kodur,Grama Panchayat,and Kodur Grama Panchayat,Malappuram,40
Abdu Rahiman Nagar,Grama Panchayat,Abdu Rahiman Nagar Grama Panchayat,Vengara,41
Kannamangalam,Grama Panchayat,Kannamangalam Grama Panchayat,Vengara,41
Othukkungal,Grama Panchayat,Othukkungal Grama Panchayat,Vengara,41
Parappur,Grama Panchayat,Parappur Grama Panchayat,Vengara,41
Urakam,Grama Panchayat,Urakam Grama Panchayat,Vengara,41
Vengara,Grama Panchayat,Vengara Grama Panchayat,Vengara,41
Chelembra,Grama Panchayat,Chelembra Grama Panchayat,Vallikunnu,42
Moonniyur,Grama Panchayat,Moonniyur Grama Panchayat,Vallikunnu,42
Pallikkal,Grama Panchayat,Pallikkal Grama Panchayat,Vallikunnu,42
Peruvallur,Grama Panchayat,Peruvallur Grama Panchayat,Vallikunnu,42
Thenhippalam,Grama Panchayat,Thenhippalam Grama Panchayat,Vallikunnu,42
Vallikkunnu,Grama Panchayat,Vallikkunnu Grama Panchayat,Vallikunnu,42
Edarikode,Grama Panchayat,Edarikode Grama Panchayat,Tirurangadi,43
Nannambra,Grama Panchayat,Nannambra Grama Panchayat,Tirurangadi,43
Parappanangadi,Grama Panchayat,Parappanangadi Grama Panchayat,Tirurangadi,43
Thennala,Grama Panchayat,Thennala Grama Panchayat,Tirurangadi,43
Tirurangadi,Grama Panchayat,Tirurangadi Grama Panchayat,Tirurangadi,43
and Perumanna Clari,Grama Panchayat,and Perumanna Clari Grama Panchayat,Tirurangadi,43
Cheriyamundam,Grama Panchayat,Cheriyamundam Grama Panchayat,Tanur,44
Niramaruthur,Grama Panchayat,Niramaruthur Grama Panchayat,Tanur,44
Ozhur,Grama Panchayat,Ozhur Grama Panchayat,Tanur,44
Ponmundam,Grama Panchayat,Ponmundam Grama Panchayat,Tanur,44
Thanalur,Grama Panchayat,Thanalur Grama Panchayat,Tanur,44
Tanur,Grama Panchayat,Tanur Grama Panchayat,Tanur,44
Tirur Municipality,Municipality,Tirur Municipality,Tirur,45
Athavanad,Grama Panchayat,Athavanad Grama Panchayat,Tirur,45
Kalpakancheri,Grama Panchayat,Kalpakancheri Grama Panchayat,Tirur,45
Thalakkad,Grama Panchayat,Thalakkad Grama Panchayat,Tirur,45
Thirunavaya,Grama Panchayat,Thirunavaya Grama Panchayat,Tirur,45
Valavannur,Grama Panchayat,Valavannur Grama Panchayat,Tirur,45
Vettom,Grama Panchayat,Vettom Grama Panchayat,Tirur,45
Edayoor,Grama Panchayat,Edayoor Grama Panchayat,Kottakkal,46
Irimbiliyam,Grama Panchayat,Irimbiliyam Grama Panchayat,Kottakkal,46
Kottakkal,Grama Panchayat,Kottakkal Grama Panchayat,Kottakkal,46
Kuttippuram,Grama Panchayat,Kuttippuram Grama Panchayat,Kottakkal,46
Marakkara,Grama Panchayat,Marakkara Grama Panchayat,Kottakkal,46
Ponmala,Grama Panchayat,Ponmala Grama Panchayat,Kottakkal,46
Valanchery,Grama Panchayat,Valanchery Grama Panchayat,Kottakkal,46
Edappal,Grama Panchayat,Edappal Grama Panchayat,Thavanur,47
Thavanur,Grama Panchayat,Thavanur Grama Panchayat,Thavanur,47
Vattamkulam,Grama Panchayat,Vattamkulam Grama Panchayat,Thavanur,47
and Purathur,Grama Panchayat,and Purathur Grama Panchayat,Thavanur,47
Mangalam,Grama Panchayat,Mangalam Grama Panchayat,Thavanur,47
Thriprangode,Grama Panchayat,Thriprangode Grama Panchayat,Thavanur,47
Ponnani Municipality,Municipality,Ponnani Municipality,Ponnani,48
Alamcode,Grama Panchayat,Alamcode Grama Panchayat,Ponnani,48
Maranchery,Grama Panchayat,Maranchery Grama Panchayat,Ponnani,48
Nannamukku,Grama Panchayat,Nannamukku Grama Panchayat,Ponnani,48
Perumpadappa,Grama Panchayat,Perumpadappa Grama Panchayat,Ponnani,48
Veliyankode,Grama Panchayat,Veliyankode Grama Panchayat,Ponnani,48
Anakkara,Grama Panchayat,Anakkara Grama Panchayat,Thrithala,49
Chalissery,Grama Panchayat,Chalissery Grama Panchayat,Thrithala,49
Kappur,Grama Panchayat,Kappur Grama Panchayat,Thrithala,49
Nagalassery,Grama Panchayat,Nagalassery Grama Panchayat,Thrithala,49
Parudur,Grama Panchayat,Parudur Grama Panchayat,Thrithala,49
Pattithara,Grama Panchayat,Pattithara Grama Panchayat,Thrithala,49
Thirumittacode,Grama Panchayat,Thirumittacode Grama Panchayat,Thrithala,49
Thrithala,Grama Panchayat,Thrithala Grama Panchayat,Thrithala,49
Koppam,Grama Panchayat,Koppam Grama Panchayat,Pattambi,50
Kulukkallur,Grama Panchayat,Kulukkallur Grama Panchayat,Pattambi,50
Muthuthala,Grama Panchayat,Muthuthala Grama Panchayat,Pattambi,50
Ongallur,Grama Panchayat,Ongallur Grama Panchayat,Pattambi,50
Pattambi,Grama Panchayat,Pattambi Grama Panchayat,Pattambi,50
Thiruvegapura,Grama Panchayat,Thiruvegapura Grama Panchayat,Pattambi,50
Vallapuzha,Grama Panchayat,Vallapuzha Grama Panchayat,Pattambi,50
Vilayur,Grama Panchayat,Vilayur Grama Panchayat,Pattambi,50
Shornur Municipality,Municipality,Shornur Municipality,Shornur,51
Ananganadi,Grama Panchayat,Ananganadi Grama Panchayat,Shornur,51
Chalavara,Grama Panchayat,Chalavara Grama Panchayat,Shornur,51
Cherpulasserry,Grama Panchayat,Cherpulasserry Grama Panchayat,Shornur,51
Nellaya,Grama Panchayat,Nellaya Grama Panchayat,Shornur,51
Thrikkadeeri,Grama Panchayat,Thrikkadeeri Grama Panchayat,Shornur,51
Vaniyamkulam,Grama Panchayat,Vaniyamkulam Grama Panchayat,Shornur,51
Vellinezhi,Grama Panchayat,Vellinezhi Grama Panchayat,Shornur,51
Ottappalam Municipality,Municipality,Ottappalam Municipality,Ottappalam,52
Ambalapara,Grama Panchayat,Ambalapara Grama Panchayat,Ottappalam,52
Kadampazhipuram,Grama Panchayat,Kadampazhipuram Grama Panchayat,Ottappalam,52
Karimpuzha,Grama Panchayat,Karimpuzha Grama Panchayat,Ottappalam,52
Lakkidi-Perur,Grama Panchayat,Lakkidi-Perur Grama Panchayat,Ottappalam,52
Pookkottukavu,Grama Panchayat,Pookkottukavu Grama Panchayat,Ottappalam,52
Sreekrishnapuram,Grama Panchayat,Sreekrishnapuram Grama Panchayat,Ottappalam,52
Thachanattukara,Grama Panchayat,Thachanattukara Grama Panchayat,Ottappalam,52
Kanhirapuzha,Grama Panchayat,Kanhirapuzha Grama Panchayat,Kongad(SC),53
Karakurissi,Grama Panchayat,Karakurissi Grama Panchayat,Kongad(SC),53
Thachampara,Grama Panchayat,Thachampara Grama Panchayat,Kongad(SC),53
Karimba,Grama Panchayat,Karimba Grama Panchayat,Kongad(SC),53
Keralassery,Grama Panchayat,Keralassery Grama Panchayat,Kongad(SC),53
Kongad,Grama Panchayat,Kongad Grama Panchayat,Kongad(SC),53
Mankara,Grama Panchayat,Mankara Grama Panchayat,Kongad(SC),53
Mannur,Grama Panchayat,Mannur Grama Panchayat,Kongad(SC),53
Parali,Grama Panchayat,Parali Grama Panchayat,Kongad(SC),53
Agali,Grama Panchayat,Agali Grama Panchayat,Mannarkkad,54
Alanallur,Grama Panchayat,Alanallur Grama Panchayat,Mannarkkad,54
Kottoppadam,Grama Panchayat,Kottoppadam Grama Panchayat,Mannarkkad,54
Kumaramputhur,Grama Panchayat,Kumaramputhur Grama Panchayat,Mannarkkad,54
Mannarkkad,Grama Panchayat,Mannarkkad Grama Panchayat,Mannarkkad,54
Pudur,Grama Panchayat,Pudur Grama Panchayat,Mannarkkad,54
Sholayur,Grama Panchayat,Sholayur Grama Panchayat,Mannarkkad,54
Akathethara,Grama Panchayat,Akathethara Grama Panchayat,Malampuzha,55
Elappully,Grama Panchayat,Elappully Grama Panchayat,Malampuzha,55
Kodumba,Grama Panchayat,Kodumba Grama Panchayat,Malampuzha,55
Malampuzha,Grama Panchayat,Malampuzha Grama Panchayat,Malampuzha,55
Marutharoad,Grama Panchayat,Marutharoad Grama Panchayat,Malampuzha,55
Mundur,Grama Panchayat,Mundur Grama Panchayat,Malampuzha,55
Pudussery,Grama Panchayat,Pudussery Grama Panchayat,Malampuzha,55
Puduppariyaram,Grama Panchayat,Puduppariyaram Grama Panchayat,Malampuzha,55
Palakkad Municipality,Municipality,Palakkad Municipality,Palakkad,56
Kannadi,Grama Panchayat,Kannadi Grama Panchayat,Palakkad,56
Pirayiri,Grama Panchayat,Pirayiri Grama Panchayat,Palakkad,56
and Mathur,Grama Panchayat,and Mathur Grama Panchayat,Palakkad,56
Kannambra,Grama Panchayat,Kannambra Grama Panchayat,Tarur (SC),57
Kavasseri,Grama Panchayat,Kavasseri Grama Panchayat,Tarur (SC),57
Kottayi,Grama Panchayat,Kottayi Grama Panchayat,Tarur (SC),57
Kuthanur,Grama Panchayat,Kuthanur Grama Panchayat,Tarur (SC),57
Peringottukurissi,Grama Panchayat,Peringottukurissi Grama Panchayat,Tarur (SC),57
Puducode,Grama Panchayat,Puducode Grama Panchayat,Tarur (SC),57
Tarur,Grama Panchayat,Tarur Grama Panchayat,Tarur (SC),57
Vadakkencheri,Grama Panchayat,Vadakkencheri Grama Panchayat,Tarur (SC),57
Chittur-Thathamangalam Municipality,Municipality,Chittur-Thathamangalam Municipality,Chittur,58
Eruthempathy,Grama Panchayat,Eruthempathy Grama Panchayat,Chittur,58
Kozhinjampara,Grama Panchayat,Kozhinjampara Grama Panchayat,Chittur,58
Nalleppilly,Grama Panchayat,Nalleppilly Grama Panchayat,Chittur,58
Pattanchery,Grama Panchayat,Pattanchery Grama Panchayat,Chittur,58
Perumatty,Grama Panchayat,Perumatty Grama Panchayat,Chittur,58
Vadakarapathy,Grama Panchayat,Vadakarapathy Grama Panchayat,Chittur,58
Peruvemba,Grama Panchayat,Peruvemba Grama Panchayat,Chittur,58
Polpully,Grama Panchayat,Polpully Grama Panchayat,Chittur,58
Elavenchery,Grama Panchayat,Elavenchery Grama Panchayat,Nemmara,59
Koduvayur,Grama Panchayat,Koduvayur Grama Panchayat,Nemmara,59
Kollengode,Grama Panchayat,Kollengode Grama Panchayat,Nemmara,59
Muthalamada,Grama Panchayat,Muthalamada Grama Panchayat,Nemmara,59
Nelliyampathy,Grama Panchayat,Nelliyampathy Grama Panchayat,Nemmara,59
Nemmara,Grama Panchayat,Nemmara Grama Panchayat,Nemmara,59
Pallassana,Grama Panchayat,Pallassana Grama Panchayat,Nemmara,59
Ayiloor,Grama Panchayat,Ayiloor Grama Panchayat,Nemmara,59
Puthunagaram,Grama Panchayat,Puthunagaram Grama Panchayat,Nemmara,59
Vadavannur,Grama Panchayat,Vadavannur Grama Panchayat,Nemmara,59
Alathur,Grama Panchayat,Alathur Grama Panchayat,Alathur,60
Erimayur,Grama Panchayat,Erimayur Grama Panchayat,Alathur,60
Kizhakkencheri,Grama Panchayat,Kizhakkencheri Grama Panchayat,Alathur,60
Kuzhalmannam,Grama Panchayat,Kuzhalmannam Grama Panchayat,Alathur,60
Melarcode,Grama Panchayat,Melarcode Grama Panchayat,Alathur,60
Thenkurissi,Grama Panchayat,Thenkurissi Grama Panchayat,Alathur,60
Vandazhi,Grama Panchayat,Vandazhi Grama Panchayat,Alathur,60
Chelakkara,Grama Panchayat,Chelakkara Grama Panchayat,Chelakkara (SC),61
Desamangalam,Grama Panchayat,Desamangalam Grama Panchayat,Chelakkara (SC),61
Kondazhy,Grama Panchayat,Kondazhy Grama Panchayat,Chelakkara (SC),61
Mullurkara,Grama Panchayat,Mullurkara Grama Panchayat,Chelakkara (SC),61
Panjal,Grama Panchayat,Panjal Grama Panchayat,Chelakkara (SC),61
Pazhayannur,Grama Panchayat,Pazhayannur Grama Panchayat,Chelakkara (SC),61
Thiruvilwamala,Grama Panchayat,Thiruvilwamala Grama Panchayat,Chelakkara (SC),61
Vallatholenagar,Grama Panchayat,Vallatholenagar Grama Panchayat,Chelakkara (SC),61
Varavoor,Grama Panchayat,Varavoor Grama Panchayat,Chelakkara (SC),61
Kunnamkulam Municipality,Municipality,Kunnamkulam Municipality,Kunnamkulam,62
Chowannur,Grama Panchayat,Chowannur Grama Panchayat,Kunnamkulam,62
Erumapetty,Grama Panchayat,Erumapetty Grama Panchayat,Kunnamkulam,62
Kadangode,Grama Panchayat,Kadangode Grama Panchayat,Kunnamkulam,62
Kadavallur,Grama Panchayat,Kadavallur Grama Panchayat,Kunnamkulam,62
Kattakampal,Grama Panchayat,Kattakampal Grama Panchayat,Kunnamkulam,62
Porkulam,Grama Panchayat,Porkulam Grama Panchayat,Kunnamkulam,62
Velur,Grama Panchayat,Velur Grama Panchayat,Kunnamkulam,62
Chavakkad Municipality,Municipality,Chavakkad Municipality,Guruvayoor,63
Guruvayoor Municipality,Municipality,Guruvayoor Municipality,Guruvayoor,63
Kadappuram,Grama Panchayat,Kadappuram Grama Panchayat,Guruvayoor,63
Orumanayur,Grama Panchayat,Orumanayur Grama Panchayat,Guruvayoor,63
Pookode,Grama Panchayat,Pookode Grama Panchayat,Guruvayoor,63
Punnayur,Grama Panchayat,Punnayur Grama Panchayat,Guruvayoor,63
Punnayurkulam,Grama Panchayat,Punnayurkulam Grama Panchayat,Guruvayoor,63
Engandiyur,Grama Panchayat,Engandiyur Grama Panchayat,Guruvayoor,63
Vadakkekad,Grama Panchayat,Vadakkekad Grama Panchayat,Guruvayoor,63
Arimpur,Grama Panchayat,Arimpur Grama Panchayat,Manalur,64
Manalur,Grama Panchayat,Manalur Grama Panchayat,Manalur,64
Choondal,Grama Panchayat,Choondal Grama Panchayat,Manalur,64
Kandanassery,Grama Panchayat,Kandanassery Grama Panchayat,Manalur,64
Elavally,Grama Panchayat,Elavally Grama Panchayat,Manalur,64
Mullassery,Grama Panchayat,Mullassery Grama Panchayat,Manalur,64
Vatanappally,Grama Panchayat,Vatanappally Grama Panchayat,Manalur,64
Pavaratty,Grama Panchayat,Pavaratty Grama Panchayat,Manalur,64
Thaikkad,Grama Panchayat,Thaikkad Grama Panchayat,Manalur,64
Venkitangu,Grama Panchayat,Venkitangu Grama Panchayat,Manalur,64
Adat,Grama Panchayat,Adat Grama Panchayat,Wadakkanchery,65
Avanur,Grama Panchayat,Avanur Grama Panchayat,Wadakkanchery,65
Kaiparamba,Grama Panchayat,Kaiparamba Grama Panchayat,Wadakkanchery,65
Kolazhy,Grama Panchayat,Kolazhy Grama Panchayat,Wadakkanchery,65
Mulamkunnathukavu,Grama Panchayat,Mulamkunnathukavu Grama Panchayat,Wadakkanchery,65
Tholur,Grama Panchayat,Tholur Grama Panchayat,Wadakkanchery,65
and Mundathikode,Grama Panchayat,and Mundathikode Grama Panchayat,Wadakkanchery,65
Wadakkanchery,Grama Panchayat,Wadakkanchery Grama Panchayat,Wadakkanchery,65
Thekkumkara,Grama Panchayat,Thekkumkara Grama Panchayat,Wadakkanchery,65
Ward No. 12,Municipal Corporation,Thrissur Municipal Corporation,Ollur,66
Ward No. 13,Municipal Corporation,Thrissur Municipal Corporation,Ollur,66
Ward No. 23,Municipal Corporation,Thrissur Municipal Corporation,Ollur,66
Ward No. 24,Municipal Corporation,Thrissur Municipal Corporation,Ollur,66
Ward No. 25,Municipal Corporation,Thrissur Municipal Corporation,Ollur,66
Ward No. 26,Municipal Corporation,Thrissur Municipal Corporation,Ollur,66
Ward No. 27,Municipal Corporation,Thrissur Municipal Corporation,Ollur,66
Ward No. 28,Municipal Corporation,Thrissur Municipal Corporation,Ollur,66
Ward No. 29,Municipal Corporation,Thrissur Municipal Corporation,Ollur,66
Ward No. 30,Municipal Corporation,Thrissur Municipal Corporation,Ollur,66
Ward No. 31,Municipal Corporation,Thrissur Municipal Corporation,Ollur,66
Ward No. 40,Municipal Corporation,Thrissur Municipal Corporation,Ollur,66
Ward No. 41,Municipal Corporation,Thrissur Municipal Corporation,Ollur,66
Ward No. 42,Municipal Corporation,Thrissur Municipal Corporation,Ollur,66
Madakkathara,Grama Panchayat,Madakkathara Grama Panchayat,Ollur,66
Nadathara,Grama Panchayat,Nadathara Grama Panchayat,Ollur,66
Pananchery,Grama Panchayat,Pananchery Grama Panchayat,Ollur,66
Puthur,Grama Panchayat,Puthur Grama Panchayat,Ollur,66
Ward No. 1,Municipal Corporation,Thrissur Municipal Corporation,Thrissur,67
Ward No. 2,Municipal Corporation,Thrissur Municipal Corporation,Thrissur,67
Ward No. 3,Municipal Corporation,Thrissur Municipal Corporation,Thrissur,67
Ward No. 4,Municipal Corporation,Thrissur Municipal Corporation,Thrissur,67
Ward No. 5,Municipal Corporation,Thrissur Municipal Corporation,Thrissur,67
Ward No. 6,Municipal Corporation,Thrissur Municipal Corporation,Thrissur,67
Ward No. 7,Municipal Corporation,Thrissur Municipal Corporation,Thrissur,67
Ward No. 8,Municipal Corporation,Thrissur Municipal Corporation,Thrissur,67
Ward No. 9,Municipal Corporation,Thrissur Municipal Corporation,Thrissur,67
Ward No. 10,Municipal Corporation,Thrissur Municipal Corporation,Thrissur,67
Ward No. 11,Municipal Corporation,Thrissur Municipal Corporation,Thrissur,67
Ward No. 14,Municipal Corporation,Thrissur Municipal Corporation,Thrissur,67
Ward No. 15,Municipal Corporation,Thrissur Municipal Corporation,Thrissur,67
Ward No. 16,Municipal Corporation,Thrissur Municipal Corporation,Thrissur,67
Ward No. 17,Municipal Corporation,Thrissur Municipal Corporation,Thrissur,67
Ward No. 18,Municipal Corporation,Thrissur Municipal Corporation,Thrissur,67
Ward No. 19,Municipal Corporation,Thrissur Municipal Corporation,Thrissur,67
Ward No. 20,Municipal Corporation,Thrissur Municipal Corporation,Thrissur,67
Ward No. 21,Municipal Corporation,Thrissur Municipal Corporation,Thrissur,67
Ward No. 22,Municipal Corporation,Thrissur Municipal Corporation,Thrissur,67
Ward No. 32,Municipal Corporation,Thrissur Municipal Corporation,Thrissur,67
Ward No. 33,Municipal Corporation,Thrissur Municipal Corporation,Thrissur,67
Ward No. 34,Municipal Corporation,Thrissur Municipal Corporation,Thrissur,67
Ward No. 35,Municipal Corporation,Thrissur Municipal Corporation,Thrissur,67
Ward No. 36,Municipal Corporation,Thrissur Municipal Corporation,Thrissur,67
Ward No. 37,Municipal Corporation,Thrissur Municipal Corporation,Thrissur,67
Ward No. 38,Municipal Corporation,Thrissur Municipal Corporation,Thrissur,67
Ward No. 39,Municipal Corporation,Thrissur Municipal Corporation,Thrissur,67
Ward No. 43,Municipal Corporation,Thrissur Municipal Corporation,Thrissur,67
Ward No. 44,Municipal Corporation,Thrissur Municipal Corporation,Thrissur,67
Ward No. 45,Municipal Corporation,Thrissur Municipal Corporation,Thrissur,67
Ward No. 46,Municipal Corporation,Thrissur Municipal Corporation,Thrissur,67
Ward No. 47,Municipal Corporation,Thrissur Municipal Corporation,Thrissur,67
Ward No. 48,Municipal Corporation,Thrissur Municipal Corporation,Thrissur,67
Ward No. 49,Municipal Corporation,Thrissur Municipal Corporation,Thrissur,67
Ward No. 50,Municipal Corporation,Thrissur Municipal Corporation,Thrissur,67
Anthikkad,Grama Panchayat,Anthikkad Grama Panchayat,Nattika(SC),68
Avinissery,Grama Panchayat,Avinissery Grama Panchayat,Nattika(SC),68
Chazhoor,Grama Panchayat,Chazhoor Grama Panchayat,Nattika(SC),68
Cherpu,Grama Panchayat,Cherpu Grama Panchayat,Nattika(SC),68
Paralam,Grama Panchayat,Paralam Grama Panchayat,Nattika(SC),68
Thanniyam,Grama Panchayat,Thanniyam Grama Panchayat,Nattika(SC),68
Nattika,Grama Panchayat,Nattika Grama Panchayat,Nattika(SC),68
Valappad,Grama Panchayat,Valappad Grama Panchayat,Nattika(SC),68
Talikkulam,Grama Panchayat,Talikkulam Grama Panchayat,Nattika(SC),68
Edavilangu,Grama Panchayat,Edavilangu Grama Panchayat,Kaipamangalam,69
Edathiruthy,Grama Panchayat,Edathiruthy Grama Panchayat,Kaipamangalam,69
Eriyad,Grama Panchayat,Eriyad Grama Panchayat,Kaipamangalam,69
Kaipamangalam,Grama Panchayat,Kaipamangalam Grama Panchayat,Kaipamangalam,69
Mathilakam,Grama Panchayat,Mathilakam Grama Panchayat,Kaipamangalam,69
Perinjanam,Grama Panchayat,Perinjanam Grama Panchayat,Kaipamangalam,69
Sreenarayanapuram,Grama Panchayat,Sreenarayanapuram Grama Panchayat,Kaipamangalam,69
Irinjalakuda Municipality,Municipality,Irinjalakuda Municipality,Irinjalakuda,70
Alur,Grama Panchayat,Alur Grama Panchayat,Irinjalakuda,70
Karalam,Grama Panchayat,Karalam Grama Panchayat,Irinjalakuda,70
Kattur,Grama Panchayat,Kattur Grama Panchayat,Irinjalakuda,70
Muriyad,Grama Panchayat,Muriyad Grama Panchayat,Irinjalakuda,70
Padiyur,Grama Panchayat,Padiyur Grama Panchayat,Irinjalakuda,70
Poomangalam,Grama Panchayat,Poomangalam Grama Panchayat,Irinjalakuda,70
Porathissery,Grama Panchayat,Porathissery Grama Panchayat,Irinjalakuda,70
Velookkara,Grama Panchayat,Velookkara Grama Panchayat,Irinjalakuda,70
Alagappanagar,Grama Panchayat,Alagappanagar Grama Panchayat,Puthukkad,71
Mattathur,Grama Panchayat,Mattathur Grama Panchayat,Puthukkad,71
Nenmanikkara,Grama Panchayat,Nenmanikkara Grama Panchayat,Puthukkad,71
Parappukkara,Grama Panchayat,Parappukkara Grama Panchayat,Puthukkad,71
Puthukkad,Grama Panchayat,Puthukkad Grama Panchayat,Puthukkad,71
Varandarappilly,Grama Panchayat,Varandarappilly Grama Panchayat,Puthukkad,71
Trikkur,Grama Panchayat,Trikkur Grama Panchayat,Puthukkad,71
and Vallachira,Grama Panchayat,and Vallachira Grama Panchayat,Puthukkad,71
Chalakkudy Municipality,Municipality,Chalakkudy Municipality,Chalakudy,72
Athirappilly,Grama Panchayat,Athirappilly Grama Panchayat,Chalakudy,72
Kadukutty,Grama Panchayat,Kadukutty Grama Panchayat,Chalakudy,72
Kodakara,Grama Panchayat,Kodakara Grama Panchayat,Chalakudy,72
Kodassery,Grama Panchayat,Kodassery Grama Panchayat,Chalakudy,72
Koratty,Grama Panchayat,Koratty Grama Panchayat,Chalakudy,72
Melur,Grama Panchayat,Melur Grama Panchayat,Chalakudy,72
Pariyaram,Grama Panchayat,Pariyaram Grama Panchayat,Chalakudy,72
Kodungallur Municipality,Municipality,Kodungallur Municipality,Kodungallur,73
Methala,Grama Panchayat,Methala Grama Panchayat,Kodungallur,73
Poyya,Grama Panchayat,Poyya Grama Panchayat,Kodungallur,73
and Annamanada,Grama Panchayat,and Annamanada Grama Panchayat,Kodungallur,73
Kuzhur,Grama Panchayat,Kuzhur Grama Panchayat,Kodungallur,73
Mala,Grama Panchayat,Mala Grama Panchayat,Kodungallur,73
Puthenchira,Grama Panchayat,Puthenchira Grama Panchayat,Kodungallur,73
Vellangallur,Grama Panchayat,Vellangallur Grama Panchayat,Kodungallur,73
Perumbavoor Municipality,Municipality,Perumbavoor Municipality,Perumbavoor,74
Asamannoor,Grama Panchayat,Asamannoor Grama Panchayat,Perumbavoor,74
Koovappady,Grama Panchayat,Koovappady Grama Panchayat,Perumbavoor,74
Mudakkuzha,Grama Panchayat,Mudakkuzha Grama Panchayat,Perumbavoor,74
Okkal,Grama Panchayat,Okkal Grama Panchayat,Perumbavoor,74
Rayamangalam,Grama Panchayat,Rayamangalam Grama Panchayat,Perumbavoor,74
Vengola,Grama Panchayat,Vengola Grama Panchayat,Perumbavoor,74
Vengoor,Grama Panchayat,Vengoor Grama Panchayat,Perumbavoor,74
Angamaly Municipality,Municipality,Angamaly Municipality,Angamaly,75
Ayyampuzha,Grama Panchayat,Ayyampuzha Grama Panchayat,Angamaly,75
Kalady,Grama Panchayat,Kalady Grama Panchayat,Angamaly,75
Karukutty,Grama Panchayat,Karukutty Grama Panchayat,Angamaly,75
Malayattoor-Neeleswaram,Grama Panchayat,Malayattoor-Neeleswaram Grama Panchayat,Angamaly,75
Manjapra,Grama Panchayat,Manjapra Grama Panchayat,Angamaly,75
Mookkannoor,Grama Panchayat,Mookkannoor Grama Panchayat,Angamaly,75
Parakkadavu,Grama Panchayat,Parakkadavu Grama Panchayat,Angamaly,75
Thuravoor,Grama Panchayat,Thuravoor Grama Panchayat,Angamaly,75
Aluva Municipality,Municipality,Aluva Municipality,Aluva,76
Chengamanad,Grama Panchayat,Chengamanad Grama Panchayat,Aluva,76
Choornikkara,Grama Panchayat,Choornikkara Grama Panchayat,Aluva,76
Edathala,Grama Panchayat,Edathala Grama Panchayat,Aluva,76
Kanjoor,Grama Panchayat,Kanjoor Grama Panchayat,Aluva,76
Keezhmad,Grama Panchayat,Keezhmad Grama Panchayat,Aluva,76
Nedumbassery,Grama Panchayat,Nedumbassery Grama Panchayat,Aluva,76
Sreemolnagaram,Grama Panchayat,Sreemolnagaram Grama Panchayat,Aluva,76
Kalamassery Municipality,Municipality,Kalamassery Municipality,Kalamassery,77
in Kanayannur Taluk,Grama Panchayat,in Kanayannur Taluk Grama Panchayat,Kalamassery,77
Alangad,Grama Panchayat,Alangad Grama Panchayat,Kalamassery,77
Eloor,Grama Panchayat,Eloor Grama Panchayat,Kalamassery,77
Kadungalloor,Grama Panchayat,Kadungalloor Grama Panchayat,Kalamassery,77
Kunnukara,Grama Panchayat,Kunnukara Grama Panchayat,Kalamassery,77
and Karumalloor,Grama Panchayat,and Karumalloor Grama Panchayat,Kalamassery,77
North Paravur Municipality,Municipality,North Paravur Municipality,Paravur,78
Chendamangalam,Grama Panchayat,Chendamangalam Grama Panchayat,Paravur,78
Chittattukara,Grama Panchayat,Chittattukara Grama Panchayat,Paravur,78
Ezhikkara,Grama Panchayat,Ezhikkara Grama Panchayat,Paravur,78
Kottuvally,Grama Panchayat,Kottuvally Grama Panchayat,Paravur,78
Puthenvelikkara,Grama Panchayat,Puthenvelikkara Grama Panchayat,Paravur,78
Varappuzha,Grama Panchayat,Varappuzha Grama Panchayat,Paravur,78
Vadakkekara,Grama Panchayat,Vadakkekara Grama Panchayat,Paravur,78
Kadamakudy,Grama Panchayat,Kadamakudy Grama Panchayat,Vypeen,79
Mulavukad,Grama Panchayat,Mulavukad Grama Panchayat,Vypeen,79
and Edavanakkad,Grama Panchayat,and Edavanakkad Grama Panchayat,Vypeen,79
Elamkunnapuzha,Grama Panchayat,Elamkunnapuzha Grama Panchayat,Vypeen,79
Kuzhuppilly,Grama Panchayat,Kuzhuppilly Grama Panchayat,Vypeen,79
Nayarambalam,Grama Panchayat,Nayarambalam Grama Panchayat,Vypeen,79
Njarakkal,Grama Panchayat,Njarakkal Grama Panchayat,Vypeen,79
Pallippuram,Grama Panchayat,Pallippuram Grama Panchayat,Vypeen,79
Ward No. 1,Municipal Corporation,Kochi Municipal Corporation,Kochi,80
Ward No. 2,Municipal Corporation,Kochi Municipal Corporation,Kochi,80
Ward No. 3,Municipal Corporation,Kochi Municipal Corporation,Kochi,80
Ward No. 4,Municipal Corporation,Kochi Municipal Corporation,Kochi,80
Ward No. 5,Municipal Corporation,Kochi Municipal Corporation,Kochi,80
Ward No. 6,Municipal Corporation,Kochi Municipal Corporation,Kochi,80
Ward No. 7,Municipal Corporation,Kochi Municipal Corporation,Kochi,80
Ward No. 8,Municipal Corporation,Kochi Municipal Corporation,Kochi,80
Ward No. 9,Municipal Corporation,Kochi Municipal Corporation,Kochi,80
Ward No. 10,Municipal Corporation,Kochi Municipal Corporation,Kochi,80
Ward No. 19,Municipal Corporation,Kochi Municipal Corporation,Kochi,80
Ward No. 20,Municipal Corporation,Kochi Municipal Corporation,Kochi,80
Ward No. 21,Municipal Corporation,Kochi Municipal Corporation,Kochi,80
Ward No. 22,Municipal Corporation,Kochi Municipal Corporation,Kochi,80
Ward No. 23,Municipal Corporation,Kochi Municipal Corporation,Kochi,80
Ward No. 24,Municipal Corporation,Kochi Municipal Corporation,Kochi,80
Ward No. 25,Municipal Corporation,Kochi Municipal Corporation,Kochi,80
Kumbalangi,Grama Panchayat,Kumbalangi Grama Panchayat,Kochi,80
Chellanam,Grama Panchayat,Chellanam Grama Panchayat,Kochi,80
Ward No. 11,Municipal Corporation,Kochi Municipal Corporation,Thripunithura,81
Ward No. 12,Municipal Corporation,Kochi Municipal Corporation,Thripunithura,81
Ward No. 13,Municipal Corporation,Kochi Municipal Corporation,Thripunithura,81
Ward No. 14,Municipal Corporation,Kochi Municipal Corporation,Thripunithura,81
Ward No. 15,Municipal Corporation,Kochi Municipal Corporation,Thripunithura,81
Ward No. 16,Municipal Corporation,Kochi Municipal Corporation,Thripunithura,81
Ward No. 17,Municipal Corporation,Kochi Municipal Corporation,Thripunithura,81
Ward No. 18,Municipal Corporation,Kochi Municipal Corporation,Thripunithura,81
Thripunithura Municipality,Municipality,Thripunithura Municipality,Thripunithura,81
Kumbalam,Grama Panchayat,Kumbalam Grama Panchayat,Thripunithura,81
Maradu,Grama Panchayat,Maradu Grama Panchayat,Thripunithura,81
Udayamperoor,Grama Panchayat,Udayamperoor Grama Panchayat,Thripunithura,81
Ward No. 26,Municipal Corporation,Kochi Municipal Corporation,Ernakulam,82
Ward No. 27,Municipal Corporation,Kochi Municipal Corporation,Ernakulam,82
Ward No. 28,Municipal Corporation,Kochi Municipal Corporation,Ernakulam,82
Ward No. 29,Municipal Corporation,Kochi Municipal Corporation,Ernakulam,82
Ward No. 30,Municipal Corporation,Kochi Municipal Corporation,Ernakulam,82
Ward No. 32,Municipal Corporation,Kochi Municipal Corporation,Ernakulam,82
Ward No. 35,Municipal Corporation,Kochi Municipal Corporation,Ernakulam,82
Ward No. 52,Municipal Corporation,Kochi Municipal Corporation,Ernakulam,82
Ward No. 53,Municipal Corporation,Kochi Municipal Corporation,Ernakulam,82
Ward No. 54,Municipal Corporation,Kochi Municipal Corporation,Ernakulam,82
Ward No. 55,Municipal Corporation,Kochi Municipal Corporation,Ernakulam,82
Ward No. 56,Municipal Corporation,Kochi Municipal Corporation,Ernakulam,82
Ward No. 57,Municipal Corporation,Kochi Municipal Corporation,Ernakulam,82
Ward No. 58,Municipal Corporation,Kochi Municipal Corporation,Ernakulam,82
Ward No. 59,Municipal Corporation,Kochi Municipal Corporation,Ernakulam,82
Ward No. 60,Municipal Corporation,Kochi Municipal Corporation,Ernakulam,82
Ward No. 61,Municipal Corporation,Kochi Municipal Corporation,Ernakulam,82
Ward No. 62,Municipal Corporation,Kochi Municipal Corporation,Ernakulam,82
Ward No. 63,Municipal Corporation,Kochi Municipal Corporation,Ernakulam,82
Ward No. 64,Municipal Corporation,Kochi Municipal Corporation,Ernakulam,82
Ward No. 65,Municipal Corporation,Kochi Municipal Corporation,Ernakulam,82
Ward No. 66,Municipal Corporation,Kochi Municipal Corporation,Ernakulam,82
Cheranalloor,Grama Panchayat,Cheranalloor Grama Panchayat,Ernakulam,82
Ward No. 31,Municipal Corporation,Kochi Municipal Corporation,Thrikkakara,83
Ward No. 33,Municipal Corporation,Kochi Municipal Corporation,Thrikkakara,83
Ward No. 34,Municipal Corporation,Kochi Municipal Corporation,Thrikkakara,83
Ward No. 36,Municipal Corporation,Kochi Municipal Corporation,Thrikkakara,83
Ward No. 37,Municipal Corporation,Kochi Municipal Corporation,Thrikkakara,83
Ward No. 38,Municipal Corporation,Kochi Municipal Corporation,Thrikkakara,83
Ward No. 39,Municipal Corporation,Kochi Municipal Corporation,Thrikkakara,83
Ward No. 40,Municipal Corporation,Kochi Municipal Corporation,Thrikkakara,83
Ward No. 41,Municipal Corporation,Kochi Municipal Corporation,Thrikkakara,83
Ward No. 42,Municipal Corporation,Kochi Municipal Corporation,Thrikkakara,83
Ward No. 43,Municipal Corporation,Kochi Municipal Corporation,Thrikkakara,83
Ward No. 44,Municipal Corporation,Kochi Municipal Corporation,Thrikkakara,83
Ward No. 45,Municipal Corporation,Kochi Municipal Corporation,Thrikkakara,83
Ward No. 46,Municipal Corporation,Kochi Municipal Corporation,Thrikkakara,83
Ward No. 47,Municipal Corporation,Kochi Municipal Corporation,Thrikkakara,83
Ward No. 48,Municipal Corporation,Kochi Municipal Corporation,Thrikkakara,83
Ward No. 49,Municipal Corporation,Kochi Municipal Corporation,Thrikkakara,83
Ward No. 50,Municipal Corporation,Kochi Municipal Corporation,Thrikkakara,83
Ward No. 51,Municipal Corporation,Kochi Municipal Corporation,Thrikkakara,83
and Thrikkakara,Grama Panchayat,and Thrikkakara Grama Panchayat,Thrikkakara,83
Aikaranad,Grama Panchayat,Aikaranad Grama Panchayat,Kunnathunad (SC),84
Kizhakkambalam,Grama Panchayat,Kizhakkambalam Grama Panchayat,Kunnathunad (SC),84
Kunnathunad,Grama Panchayat,Kunnathunad Grama Panchayat,Kunnathunad (SC),84
Mazhuvannoor,Grama Panchayat,Mazhuvannoor Grama Panchayat,Kunnathunad (SC),84
Poothrikka,Grama Panchayat,Poothrikka Grama Panchayat,Kunnathunad (SC),84
Thiruvaniyoor,Grama Panchayat,Thiruvaniyoor Grama Panchayat,Kunnathunad (SC),84
Vadavucode-Puthencruz,Grama Panchayat,Vadavucode-Puthencruz Grama Panchayat,Kunnathunad (SC),84
Vazhakulam,Grama Panchayat,Vazhakulam Grama Panchayat,Kunnathunad (SC),84
Amballoor,Grama Panchayat,Amballoor Grama Panchayat,Piravom,85
Edakkattuvayal,Grama Panchayat,Edakkattuvayal Grama Panchayat,Piravom,85
Chottanikkara,Grama Panchayat,Chottanikkara Grama Panchayat,Piravom,85
Mulanthuruthy,Grama Panchayat,Mulanthuruthy Grama Panchayat,Piravom,85
Thiruvankulam,Grama Panchayat,Thiruvankulam Grama Panchayat,Piravom,85
and Elanji,Grama Panchayat,and Elanji Grama Panchayat,Piravom,85
Koothattukulam,Grama Panchayat,Koothattukulam Grama Panchayat,Piravom,85
Maneed,Grama Panchayat,Maneed Grama Panchayat,Piravom,85
Pampakuda,Grama Panchayat,Pampakuda Grama Panchayat,Piravom,85
Piravom,Grama Panchayat,Piravom Grama Panchayat,Piravom,85
Ramamangalam,Grama Panchayat,Ramamangalam Grama Panchayat,Piravom,85
Thirumarady,Grama Panchayat,Thirumarady Grama Panchayat,Piravom,85
Muvattupuzha Municipality,Municipality,Muvattupuzha Municipality,Muvattupuzha,86
Arakuzha,Grama Panchayat,Arakuzha Grama Panchayat,Muvattupuzha,86
Avoly,Grama Panchayat,Avoly Grama Panchayat,Muvattupuzha,86
Ayavana,Grama Panchayat,Ayavana Grama Panchayat,Muvattupuzha,86
Kalloorkad,Grama Panchayat,Kalloorkad Grama Panchayat,Muvattupuzha,86
Manjalloor,Grama Panchayat,Manjalloor Grama Panchayat,Muvattupuzha,86
Marady,Grama Panchayat,Marady Grama Panchayat,Muvattupuzha,86
Paipra,Grama Panchayat,Paipra Grama Panchayat,Muvattupuzha,86
Palakkuzha,Grama Panchayat,Palakkuzha Grama Panchayat,Muvattupuzha,86
Valakom,Grama Panchayat,Valakom Grama Panchayat,Muvattupuzha,86
and Paingottoor,Grama Panchayat,and Paingottoor Grama Panchayat,Muvattupuzha,86
Pothanicad,Grama Panchayat,Pothanicad Grama Panchayat,Muvattupuzha,86
Kothamangalam Municipality,Municipality,Kothamangalam Municipality,Kothamangalam,87
Kavalangad,Grama Panchayat,Kavalangad Grama Panchayat,Kothamangalam,87
Keerampara,Grama Panchayat,Keerampara Grama Panchayat,Kothamangalam,87
Kottappady,Grama Panchayat,Kottappady Grama Panchayat,Kothamangalam,87
Kuttampuzha,Grama Panchayat,Kuttampuzha Grama Panchayat,Kothamangalam,87
Nellikkuzhi,Grama Panchayat,Nellikkuzhi Grama Panchayat,Kothamangalam,87
Pallarimangalam,Grama Panchayat,Pallarimangalam Grama Panchayat,Kothamangalam,87
Pindimana,Grama Panchayat,Pindimana Grama Panchayat,Kothamangalam,87
Varappetty,Grama Panchayat,Varappetty Grama Panchayat,Kothamangalam,87
Adimali,Grama Panchayat,Adimali Grama Panchayat,Devikulam (SC),88
Kanthalloor,Grama Panchayat,Kanthalloor Grama Panchayat,Devikulam (SC),88
Mankulam,Grama Panchayat,Mankulam Grama Panchayat,Devikulam (SC),88
Marayoor,Grama Panchayat,Marayoor Grama Panchayat,Devikulam (SC),88
Munnar,Grama Panchayat,Munnar Grama Panchayat,Devikulam (SC),88
Pallivasal,Grama Panchayat,Pallivasal Grama Panchayat,Devikulam (SC),88
Vattavada,Grama Panchayat,Vattavada Grama Panchayat,Devikulam (SC),88
Vellathooval,Grama Panchayat,Vellathooval Grama Panchayat,Devikulam (SC),88
and Bisonvalley,Grama Panchayat,and Bisonvalley Grama Panchayat,Devikulam (SC),88
Chinnakanal,Grama Panchayat,Chinnakanal Grama Panchayat,Devikulam (SC),88
Erattayar,Grama Panchayat,Erattayar Grama Panchayat,Udumbanchola,89
Karunapuram,Grama Panchayat,Karunapuram Grama Panchayat,Udumbanchola,89
Nedumkandam,Grama Panchayat,Nedumkandam Grama Panchayat,Udumbanchola,89
Pampadumpara,Grama Panchayat,Pampadumpara Grama Panchayat,Udumbanchola,89
Rajakkad,Grama Panchayat,Rajakkad Grama Panchayat,Udumbanchola,89
Rajakumari,Grama Panchayat,Rajakumari Grama Panchayat,Udumbanchola,89
Santhanpara,Grama Panchayat,Santhanpara Grama Panchayat,Udumbanchola,89
Senapathy,Grama Panchayat,Senapathy Grama Panchayat,Udumbanchola,89
Udumbanchola,Grama Panchayat,Udumbanchola Grama Panchayat,Udumbanchola,89
Vandanmedu,Grama Panchayat,Vandanmedu Grama Panchayat,Udumbanchola,89
Thodupuzha Municipality,Municipality,Thodupuzha Municipality,Thodupuzha,90
Alacode,Grama Panchayat,Alacode Grama Panchayat,Thodupuzha,90
Edavetty,Grama Panchayat,Edavetty Grama Panchayat,Thodupuzha,90
Karimannoor,Grama Panchayat,Karimannoor Grama Panchayat,Thodupuzha,90
Karimkunnam,Grama Panchayat,Karimkunnam Grama Panchayat,Thodupuzha,90
Kodikulam,Grama Panchayat,Kodikulam Grama Panchayat,Thodupuzha,90
Kumaramangalam,Grama Panchayat,Kumaramangalam Grama Panchayat,Thodupuzha,90
Manakkad,Grama Panchayat,Manakkad Grama Panchayat,Thodupuzha,90
Muttom,Grama Panchayat,Muttom Grama Panchayat,Thodupuzha,90
Purapuzha,Grama Panchayat,Purapuzha Grama Panchayat,Thodupuzha,90
Udumbannoor,Grama Panchayat,Udumbannoor Grama Panchayat,Thodupuzha,90
Vannapuram,Grama Panchayat,Vannapuram Grama Panchayat,Thodupuzha,90
Velliyamattom,Grama Panchayat,Velliyamattom Grama Panchayat,Thodupuzha,90
Arakkulam,Grama Panchayat,Arakkulam Grama Panchayat,Idukki,91
Idukki-Kanjikuzhi,Grama Panchayat,Idukki-Kanjikuzhi Grama Panchayat,Idukki,91
Kudayathoor,Grama Panchayat,Kudayathoor Grama Panchayat,Idukki,91
Vazhathope,Grama Panchayat,Vazhathope Grama Panchayat,Idukki,91
and Kamakshy,Grama Panchayat,and Kamakshy Grama Panchayat,Idukki,91
Kanchiyar,Grama Panchayat,Kanchiyar Grama Panchayat,Idukki,91
Kattappana,Grama Panchayat,Kattappana Grama Panchayat,Idukki,91
Konnathady,Grama Panchayat,Konnathady Grama Panchayat,Idukki,91
Mariapuram,Grama Panchayat,Mariapuram Grama Panchayat,Idukki,91
Vathikudy,Grama Panchayat,Vathikudy Grama Panchayat,Idukki,91
Ayyappancoil,Grama Panchayat,Ayyappancoil Grama Panchayat,Peerumade,92
Chakkupallam,Grama Panchayat,Chakkupallam Grama Panchayat,Peerumade,92
and Elappara,Grama Panchayat,and Elappara Grama Panchayat,Peerumade,92
Kokkayar,Grama Panchayat,Kokkayar Grama Panchayat,Peerumade,92
Kumily,Grama Panchayat,Kumily Grama Panchayat,Peerumade,92
Peerumade,Grama Panchayat,Peerumade Grama Panchayat,Peerumade,92
Peruvanthanam,Grama Panchayat,Peruvanthanam Grama Panchayat,Peerumade,92
Upputhara,Grama Panchayat,Upputhara Grama Panchayat,Peerumade,92
Vandiperiyar,Grama Panchayat,Vandiperiyar Grama Panchayat,Peerumade,92
Pala Municipality,Municipality,Pala Municipality,Pala,93
Bharananganam,Grama Panchayat,Bharananganam Grama Panchayat,Pala,93
Kadanad,Grama Panchayat,Kadanad Grama Panchayat,Pala,93
Karoor,Grama Panchayat,Karoor Grama Panchayat,Pala,93
Kozhuvanal,Grama Panchayat,Kozhuvanal Grama Panchayat,Pala,93
Meenachil,Grama Panchayat,Meenachil Grama Panchayat,Pala,93
Melukavu,Grama Panchayat,Melukavu Grama Panchayat,Pala,93
Moonnilavu,Grama Panchayat,Moonnilavu Grama Panchayat,Pala,93
Mutholy,Grama Panchayat,Mutholy Grama Panchayat,Pala,93
Ramapuram,Grama Panchayat,Ramapuram Grama Panchayat,Pala,93
Thalanad,Grama Panchayat,Thalanad Grama Panchayat,Pala,93
Thalappalam,Grama Panchayat,Thalappalam Grama Panchayat,Pala,93
and Elikkulam,Grama Panchayat,and Elikkulam Grama Panchayat,Pala,93
Kadaplamattom,Grama Panchayat,Kadaplamattom Grama Panchayat,Kaduthuruthy,94
Kanakkari,Grama Panchayat,Kanakkari Grama Panchayat,Kaduthuruthy,94
Kidangoor,Grama Panchayat,Kidangoor Grama Panchayat,Kaduthuruthy,94
Kuravilangad,Grama Panchayat,Kuravilangad Grama Panchayat,Kaduthuruthy,94
Marangattupilly,Grama Panchayat,Marangattupilly Grama Panchayat,Kaduthuruthy,94
Uzhavoor,Grama Panchayat,Uzhavoor Grama Panchayat,Kaduthuruthy,94
Veliyannoor,Grama Panchayat,Veliyannoor Grama Panchayat,Kaduthuruthy,94
and Kaduthuruthy,Grama Panchayat,and Kaduthuruthy Grama Panchayat,Kaduthuruthy,94
Manjoor,Grama Panchayat,Manjoor Grama Panchayat,Kaduthuruthy,94
Mulakulam,Grama Panchayat,Mulakulam Grama Panchayat,Kaduthuruthy,94
Neezhoor,Grama Panchayat,Neezhoor Grama Panchayat,Kaduthuruthy,94
Vaikom Municipality,Municipality,Vaikom Municipality,Vaikom (SC),95
Puram,Grama Panchayat,Puram Grama Panchayat,Vaikom (SC),95
Thalayazham,Grama Panchayat,Thalayazham Grama Panchayat,Vaikom (SC),95
Thalayolaparambu,Grama Panchayat,Thalayolaparambu Grama Panchayat,Vaikom (SC),95
Udayanapuram,Grama Panchayat,Udayanapuram Grama Panchayat,Vaikom (SC),95
Vechoor,Grama Panchayat,Vechoor Grama Panchayat,Vaikom (SC),95
Velloor,Grama Panchayat,Velloor Grama Panchayat,Vaikom (SC),95
Aymanam,Grama Panchayat,Aymanam Grama Panchayat,Ettumanoor,96
Arpookara,Grama Panchayat,Arpookara Grama Panchayat,Ettumanoor,96
Athirampuzha,Grama Panchayat,Athirampuzha Grama Panchayat,Ettumanoor,96
Ettumanoor,Grama Panchayat,Ettumanoor Grama Panchayat,Ettumanoor,96
Kumarakom,Grama Panchayat,Kumarakom Grama Panchayat,Ettumanoor,96
Neendoor,Grama Panchayat,Neendoor Grama Panchayat,Ettumanoor,96
Thiruvarppu,Grama Panchayat,Thiruvarppu Grama Panchayat,Ettumanoor,96
Kottayam Municipality,Municipality,Kottayam Municipality,Kottayam,97
Kumaranalloor,Grama Panchayat,Kumaranalloor Grama Panchayat,Kottayam,97
Nattakom,Grama Panchayat,Nattakom Grama Panchayat,Kottayam,97
Panachikkad,Grama Panchayat,Panachikkad Grama Panchayat,Kottayam,97
Vijayapuram,Grama Panchayat,Vijayapuram Grama Panchayat,Kottayam,97
Akalakunnam,Grama Panchayat,Akalakunnam Grama Panchayat,Puthuppally,98
Ayarkunnam,Grama Panchayat,Ayarkunnam Grama Panchayat,Puthuppally,98
Kooroppada,Grama Panchayat,Kooroppada Grama Panchayat,Puthuppally,98
Manarcad,Grama Panchayat,Manarcad Grama Panchayat,Puthuppally,98
Meenadom,Grama Panchayat,Meenadom Grama Panchayat,Puthuppally,98
Pampady,Grama Panchayat,Pampady Grama Panchayat,Puthuppally,98
Puthuppally,Grama Panchayat,Puthuppally Grama Panchayat,Puthuppally,98
and Vakathanam,Grama Panchayat,and Vakathanam Grama Panchayat,Puthuppally,98
Changanassery Municipality,Municipality,Changanassery Municipality,Changanassery,99
Kurichy,Grama Panchayat,Kurichy Grama Panchayat,Changanassery,99
Madappally,Grama Panchayat,Madappally Grama Panchayat,Changanassery,99
Paippad,Grama Panchayat,Paippad Grama Panchayat,Changanassery,99
Thrikkodithanam,Grama Panchayat,Thrikkodithanam Grama Panchayat,Changanassery,99
Vazhappally,Grama Panchayat,Vazhappally Grama Panchayat,Changanassery,99
Chirakkadavu,Grama Panchayat,Chirakkadavu Grama Panchayat,Kanjirappally,100
Kanjirappally,Grama Panchayat,Kanjirappally Grama Panchayat,Kanjirappally,100
Manimala,Grama Panchayat,Manimala Grama Panchayat,Kanjirappally,100
and Kangazha,Grama Panchayat,and Kangazha Grama Panchayat,Kanjirappally,100
Karukachal,Grama Panchayat,Karukachal Grama Panchayat,Kanjirappally,100
Nedumkunnam,Grama Panchayat,Nedumkunnam Grama Panchayat,Kanjirappally,100
Vazhoor,Grama Panchayat,Vazhoor Grama Panchayat,Kanjirappally,100
Vellavoor,Grama Panchayat,Vellavoor Grama Panchayat,Kanjirappally,100
and Pallikkathode,Grama Panchayat,and Pallikkathode Grama Panchayat,Kanjirappally,100
Erumeli,Grama Panchayat,Erumeli Grama Panchayat,Poonjar,101
Koottickal,Grama Panchayat,Koottickal Grama Panchayat,Poonjar,101
Mundakayam,Grama Panchayat,Mundakayam Grama Panchayat,Poonjar,101
Parathode,Grama Panchayat,Parathode Grama Panchayat,Poonjar,101
and Erattupetta,Grama Panchayat,and Erattupetta Grama Panchayat,Poonjar,101
Poonjar,Grama Panchayat,Poonjar Grama Panchayat,Poonjar,101
Poonjar Thekkekara,Grama Panchayat,Poonjar Thekkekara Grama Panchayat,Poonjar,101
Teekoy,Grama Panchayat,Teekoy Grama Panchayat,Poonjar,101
Thidanad,Grama Panchayat,Thidanad Grama Panchayat,Poonjar,101
Arookutty,Grama Panchayat,Arookutty Grama Panchayat,Aroor,102
Aroor,Grama Panchayat,Aroor Grama Panchayat,Aroor,102
Chennam-Pallippuram,Grama Panchayat,Chennam-Pallippuram Grama Panchayat,Aroor,102
Ezhupunna,Grama Panchayat,Ezhupunna Grama Panchayat,Aroor,102
Kodamthuruth,Grama Panchayat,Kodamthuruth Grama Panchayat,Aroor,102
Kuthiathode,Grama Panchayat,Kuthiathode Grama Panchayat,Aroor,102
Panavally,Grama Panchayat,Panavally Grama Panchayat,Aroor,102
Perumbalam,Grama Panchayat,Perumbalam Grama Panchayat,Aroor,102
Thycattussery,Grama Panchayat,Thycattussery Grama Panchayat,Aroor,102
Thuravoor,Grama Panchayat,Thuravoor Grama Panchayat,Aroor,102
Cherthala Municipality,Municipality,Cherthala Municipality,Cherthala,103
Cherthala South,Grama Panchayat,Cherthala South Grama Panchayat,Cherthala,103
Kadakkarappally,Grama Panchayat,Kadakkarappally Grama Panchayat,Cherthala,103
Kanjikkuzhi,Grama Panchayat,Kanjikkuzhi Grama Panchayat,Cherthala,103
Muhamma,Grama Panchayat,Muhamma Grama Panchayat,Cherthala,103
Pattanakkad,Grama Panchayat,Pattanakkad Grama Panchayat,Cherthala,103
Thanneermukkam,Grama Panchayat,Thanneermukkam Grama Panchayat,Cherthala,103
Vayalar,Grama Panchayat,Vayalar Grama Panchayat,Cherthala,103
Ward No. 1,Municipality,Alappuzha Municipality,Alappuzha,104
Ward No. 2,Municipality,Alappuzha Municipality,Alappuzha,104
Ward No. 3,Municipality,Alappuzha Municipality,Alappuzha,104
Ward No. 4,Municipality,Alappuzha Municipality,Alappuzha,104
Ward No. 5,Municipality,Alappuzha Municipality,Alappuzha,104
Ward No. 6,Municipality,Alappuzha Municipality,Alappuzha,104
Ward No. 7,Municipality,Alappuzha Municipality,Alappuzha,104
Ward No. 8,Municipality,Alappuzha Municipality,Alappuzha,104
Ward No. 9,Municipality,Alappuzha Municipality,Alappuzha,104
Ward No. 10,Municipality,Alappuzha Municipality,Alappuzha,104
Ward No. 11,Municipality,Alappuzha Municipality,Alappuzha,104
Ward No. 12,Municipality,Alappuzha Municipality,Alappuzha,104
Ward No. 13,Municipality,Alappuzha Municipality,Alappuzha,104
Ward No. 14,Municipality,Alappuzha Municipality,Alappuzha,104
Ward No. 15,Municipality,Alappuzha Municipality,Alappuzha,104
Ward No. 16,Municipality,Alappuzha Municipality,Alappuzha,104
Ward No. 17,Municipality,Alappuzha Municipality,Alappuzha,104
Ward No. 18,Municipality,Alappuzha Municipality,Alappuzha,104
Ward No. 19,Municipality,Alappuzha Municipality,Alappuzha,104
Ward No. 45,Municipality,Alappuzha Municipality,Alappuzha,104
Ward No. 46,Municipality,Alappuzha Municipality,Alappuzha,104
Ward No. 47,Municipality,Alappuzha Municipality,Alappuzha,104
Ward No. 48,Municipality,Alappuzha Municipality,Alappuzha,104
Ward No. 49,Municipality,Alappuzha Municipality,Alappuzha,104
Ward No. 50,Municipality,Alappuzha Municipality,Alappuzha,104
and Aryad,Grama Panchayat,and Aryad Grama Panchayat,Alappuzha,104
Mannanchery,Grama Panchayat,Mannanchery Grama Panchayat,Alappuzha,104
Mararikkulam South,Grama Panchayat,Mararikkulam South Grama Panchayat,Alappuzha,104
and Mararikkulam North,Grama Panchayat,and Mararikkulam North Grama Panchayat,Alappuzha,104
Ward No. 20,Municipality,Alappuzha Municipality,Ambalappuzha,105
Ward No. 21,Municipality,Alappuzha Municipality,Ambalappuzha,105
Ward No. 22,Municipality,Alappuzha Municipality,Ambalappuzha,105
Ward No. 23,Municipality,Alappuzha Municipality,Ambalappuzha,105
Ward No. 24,Municipality,Alappuzha Municipality,Ambalappuzha,105
Ward No. 25,Municipality,Alappuzha Municipality,Ambalappuzha,105
Ward No. 26,Municipality,Alappuzha Municipality,Ambalappuzha,105
Ward No. 27,Municipality,Alappuzha Municipality,Ambalappuzha,105
Ward No. 28,Municipality,Alappuzha Municipality,Ambalappuzha,105
Ward No. 29,Municipality,Alappuzha Municipality,Ambalappuzha,105
Ward No. 30,Municipality,Alappuzha Municipality,Ambalappuzha,105
Ward No. 31,Municipality,Alappuzha Municipality,Ambalappuzha,105
Ward No. 32,Municipality,Alappuzha Municipality,Ambalappuzha,105
Ward No. 33,Municipality,Alappuzha Municipality,Ambalappuzha,105
Ward No. 34,Municipality,Alappuzha Municipality,Ambalappuzha,105
Ward No. 35,Municipality,Alappuzha Municipality,Ambalappuzha,105
Ward No. 36,Municipality,Alappuzha Municipality,Ambalappuzha,105
Ward No. 37,Municipality,Alappuzha Municipality,Ambalappuzha,105
Ward No. 38,Municipality,Alappuzha Municipality,Ambalappuzha,105
Ward No. 39,Municipality,Alappuzha Municipality,Ambalappuzha,105
Ward No. 40,Municipality,Alappuzha Municipality,Ambalappuzha,105
Ward No. 41,Municipality,Alappuzha Municipality,Ambalappuzha,105
Ward No. 42,Municipality,Alappuzha Municipality,Ambalappuzha,105
Ward No. 43,Municipality,Alappuzha Municipality,Ambalappuzha,105
Ward No. 44,Municipality,Alappuzha Municipality,Ambalappuzha,105
and Ambalappuzha North,Grama Panchayat,and Ambalappuzha North Grama Panchayat,Ambalappuzha,105
Ambalappuzha South,Grama Panchayat,Ambalappuzha South Grama Panchayat,Ambalappuzha,105
Punnapra North,Grama Panchayat,Punnapra North Grama Panchayat,Ambalappuzha,105
Punnapra South,Grama Panchayat,Punnapra South Grama Panchayat,Ambalappuzha,105
Purakkad,Grama Panchayat,Purakkad Grama Panchayat,Ambalappuzha,105
Champakkulam,Grama Panchayat,Champakkulam Grama Panchayat,Kuttanad,106
Edathua,Grama Panchayat,Edathua Grama Panchayat,Kuttanad,106
Kainakary,Grama Panchayat,Kainakary Grama Panchayat,Kuttanad,106
Kavalam,Grama Panchayat,Kavalam Grama Panchayat,Kuttanad,106
Muttar,Grama Panchayat,Muttar Grama Panchayat,Kuttanad,106
Nedumudi,Grama Panchayat,Nedumudi Grama Panchayat,Kuttanad,106
Neelamperoor,Grama Panchayat,Neelamperoor Grama Panchayat,Kuttanad,106
Pulinkunnu,Grama Panchayat,Pulinkunnu Grama Panchayat,Kuttanad,106
Ramankary,Grama Panchayat,Ramankary Grama Panchayat,Kuttanad,106
Thakazhy,Grama Panchayat,Thakazhy Grama Panchayat,Kuttanad,106
Thalavady,Grama Panchayat,Thalavady Grama Panchayat,Kuttanad,106
Veliyanad,Grama Panchayat,Veliyanad Grama Panchayat,Kuttanad,106
and Veeyapuram,Grama Panchayat,and Veeyapuram Grama Panchayat,Kuttanad,106
Arattupuzha,Grama Panchayat,Arattupuzha Grama Panchayat,Haripad,107
Cheppad,Grama Panchayat,Cheppad Grama Panchayat,Haripad,107
Cheruthana,Grama Panchayat,Cheruthana Grama Panchayat,Haripad,107
Chingoli,Grama Panchayat,Chingoli Grama Panchayat,Haripad,107
Haripad,Grama Panchayat,Haripad Grama Panchayat,Haripad,107
Karthikappally,Grama Panchayat,Karthikappally Grama Panchayat,Haripad,107
Karuvatta,Grama Panchayat,Karuvatta Grama Panchayat,Haripad,107
Kumarapuram,Grama Panchayat,Kumarapuram Grama Panchayat,Haripad,107
Muthukulam,Grama Panchayat,Muthukulam Grama Panchayat,Haripad,107
Pallippad,Grama Panchayat,Pallippad Grama Panchayat,Haripad,107
Thrikkunnapuzha,Grama Panchayat,Thrikkunnapuzha Grama Panchayat,Haripad,107
Kayamkulam Municipality,Municipality,Kayamkulam Municipality,Kayamkulam,108
Devikulangara,Grama Panchayat,Devikulangara Grama Panchayat,Kayamkulam,108
Kandalloor,Grama Panchayat,Kandalloor Grama Panchayat,Kayamkulam,108
Krishnapuram,Grama Panchayat,Krishnapuram Grama Panchayat,Kayamkulam,108
Pathiyoor,Grama Panchayat,Pathiyoor Grama Panchayat,Kayamkulam,108
and Bharanikkavu,Grama Panchayat,and Bharanikkavu Grama Panchayat,Kayamkulam,108
Chettikulangara,Grama Panchayat,Chettikulangara Grama Panchayat,Kayamkulam,108
Mavelikkara Municipality,Municipality,Mavelikkara Municipality,Mavelikkara (SC),109
Chunakkara,Grama Panchayat,Chunakkara Grama Panchayat,Mavelikkara (SC),109
Mavelikkara–Thekkekara,Grama Panchayat,Mavelikkara–Thekkekara Grama Panchayat,Mavelikkara (SC),109
Mavelikkara- Thamarakkulam,Grama Panchayat,Mavelikkara- Thamarakkulam Grama Panchayat,Mavelikkara (SC),109
Nooranad,Grama Panchayat,Nooranad Grama Panchayat,Mavelikkara (SC),109
Palamel,Grama Panchayat,Palamel Grama Panchayat,Mavelikkara (SC),109
Thazhakara,Grama Panchayat,Thazhakara Grama Panchayat,Mavelikkara (SC),109
Vallikunnam,Grama Panchayat,Vallikunnam Grama Panchayat,Mavelikkara (SC),109
Chengannur Municipality,Municipality,Chengannur Municipality,Chengannur,110
Ala,Grama Panchayat,Ala Grama Panchayat,Chengannur,110
Budhanoor,Grama Panchayat,Budhanoor Grama Panchayat,Chengannur,110
Cheriyanad,Grama Panchayat,Cheriyanad Grama Panchayat,Chengannur,110
Mannar,Grama Panchayat,Mannar Grama Panchayat,Chengannur,110
Mulakuzha,Grama Panchayat,Mulakuzha Grama Panchayat,Chengannur,110
Pandanad,Grama Panchayat,Pandanad Grama Panchayat,Chengannur,110
Puliyoor,Grama Panchayat,Puliyoor Grama Panchayat,Chengannur,110
Thiruvanvandoor,Grama Panchayat,Thiruvanvandoor Grama Panchayat,Chengannur,110
Venmony,Grama Panchayat,Venmony Grama Panchayat,Chengannur,110
and Chennithala– Thriperumthura,Grama Panchayat,and Chennithala– Thriperumthura Grama Panchayat,Chengannur,110
Thiruvalla Municipality,Municipality,Thiruvalla Municipality,Thiruvalla,111
Kadapra,Grama Panchayat,Kadapra Grama Panchayat,Thiruvalla,111
Kaviyoor,Grama Panchayat,Kaviyoor Grama Panchayat,Thiruvalla,111
Kuttoor,Grama Panchayat,Kuttoor Grama Panchayat,Thiruvalla,111
Nedumpram,Grama Panchayat,Nedumpram Grama Panchayat,Thiruvalla,111
Niranam,Grama Panchayat,Niranam Grama Panchayat,Thiruvalla,111
Peringara,Grama Panchayat,Peringara Grama Panchayat,Thiruvalla,111
and Anicadu,Grama Panchayat,and Anicadu Grama Panchayat,Thiruvalla,111
Kallooppara,Grama Panchayat,Kallooppara Grama Panchayat,Thiruvalla,111
Mallappally,Grama Panchayat,Mallappally Grama Panchayat,Thiruvalla,111
Puramattom,Grama Panchayat,Puramattom Grama Panchayat,Thiruvalla,111
Kunnamthanam,Grama Panchayat,Kunnamthanam Grama Panchayat,Thiruvalla,111
Ezhumattoor,Grama Panchayat,Ezhumattoor Grama Panchayat,Ranni,112
Kottanad,Grama Panchayat,Kottanad Grama Panchayat,Ranni,112
Kottangal,Grama Panchayat,Kottangal Grama Panchayat,Ranni,112
and Ayiroor,Grama Panchayat,and Ayiroor Grama Panchayat,Ranni,112
Naranammoozhi,Grama Panchayat,Naranammoozhi Grama Panchayat,Ranni,112
Ranni-Angadi,Grama Panchayat,Ranni-Angadi Grama Panchayat,Ranni,112
Ranni- Pazhavangadi,Grama Panchayat,Ranni- Pazhavangadi Grama Panchayat,Ranni,112
Ranni-Perunad,Grama Panchayat,Ranni-Perunad Grama Panchayat,Ranni,112
Cherukole,Grama Panchayat,Cherukole Grama Panchayat,Ranni,112
Ranni,Grama Panchayat,Ranni Grama Panchayat,Ranni,112
Vadasserikkara,Grama Panchayat,Vadasserikkara Grama Panchayat,Ranni,112
Vechoochira,Grama Panchayat,Vechoochira Grama Panchayat,Ranni,112
Pathanamthitta Municipality,Municipality,Pathanamthitta Municipality,Aranmula,113
Aranmula,Grama Panchayat,Aranmula Grama Panchayat,Aranmula,113
Chenneerkara,Grama Panchayat,Chenneerkara Grama Panchayat,Aranmula,113
Elanthoor,Grama Panchayat,Elanthoor Grama Panchayat,Aranmula,113
Kozhenchery,Grama Panchayat,Kozhenchery Grama Panchayat,Aranmula,113
Kulanada,Grama Panchayat,Kulanada Grama Panchayat,Aranmula,113
Mallapuzhassery,Grama Panchayat,Mallapuzhassery Grama Panchayat,Aranmula,113
Mezhuveli,Grama Panchayat,Mezhuveli Grama Panchayat,Aranmula,113
Naranganam,Grama Panchayat,Naranganam Grama Panchayat,Aranmula,113
Omalloor,Grama Panchayat,Omalloor Grama Panchayat,Aranmula,113
and Eraviperoor,Grama Panchayat,and Eraviperoor Grama Panchayat,Aranmula,113
Koipram,Grama Panchayat,Koipram Grama Panchayat,Aranmula,113
Thottapuzhassery,Grama Panchayat,Thottapuzhassery Grama Panchayat,Aranmula,113
Aruvappulam,Grama Panchayat,Aruvappulam Grama Panchayat,Konni,114
Konni,Grama Panchayat,Konni Grama Panchayat,Konni,114
Malayalapuzha,Grama Panchayat,Malayalapuzha Grama Panchayat,Konni,114
Pramadom,Grama Panchayat,Pramadom Grama Panchayat,Konni,114
Mylapra,Grama Panchayat,Mylapra Grama Panchayat,Konni,114
Vallicode,Grama Panchayat,Vallicode Grama Panchayat,Konni,114
Thannithode,Grama Panchayat,Thannithode Grama Panchayat,Konni,114
and Enadimangalam,Grama Panchayat,and Enadimangalam Grama Panchayat,Konni,114
Kalanjoor,Grama Panchayat,Kalanjoor Grama Panchayat,Konni,114
and Chittar,Grama Panchayat,and Chittar Grama Panchayat,Konni,114
Seethathodu,Grama Panchayat,Seethathodu Grama Panchayat,Konni,114
Adoor Municipality,Municipality,Adoor Municipality,Adoor (SC),115
Pandalam,Grama Panchayat,Pandalam Grama Panchayat,Adoor (SC),115
Thumbamon,Grama Panchayat,Thumbamon Grama Panchayat,Adoor (SC),115
Pandalam Thekkekara,Grama Panchayat,Pandalam Thekkekara Grama Panchayat,Adoor (SC),115
Kodumon,Grama Panchayat,Kodumon Grama Panchayat,Adoor (SC),115
Ezhamkulam,Grama Panchayat,Ezhamkulam Grama Panchayat,Adoor (SC),115
Erathu,Grama Panchayat,Erathu Grama Panchayat,Adoor (SC),115
Pallickal,Grama Panchayat,Pallickal Grama Panchayat,Adoor (SC),115
Kadampanadu,Grama Panchayat,Kadampanadu Grama Panchayat,Adoor (SC),115
Alappad,Grama Panchayat,Alappad Grama Panchayat,Karunagappally,116
Clappana,Grama Panchayat,Clappana Grama Panchayat,Karunagappally,116
Kulasekharapuram,Grama Panchayat,Kulasekharapuram Grama Panchayat,Karunagappally,116
Oachira,Grama Panchayat,Oachira Grama Panchayat,Karunagappally,116
Thazhava,Grama Panchayat,Thazhava Grama Panchayat,Karunagappally,116
Thodiyoor,Grama Panchayat,Thodiyoor Grama Panchayat,Karunagappally,116
Karunagappally,Grama Panchayat,Karunagappally Grama Panchayat,Karunagappally,116
Ward No. 1,Municipal Corporation,Kollam Municipal Corporation,Chavara,117
Ward No. 2,Municipal Corporation,Kollam Municipal Corporation,Chavara,117
Ward No. 3,Municipal Corporation,Kollam Municipal Corporation,Chavara,117
Ward No. 4,Municipal Corporation,Kollam Municipal Corporation,Chavara,117
Ward No. 5,Municipal Corporation,Kollam Municipal Corporation,Chavara,117
Ward No. 49,Municipal Corporation,Kollam Municipal Corporation,Chavara,117
Ward No. 50,Municipal Corporation,Kollam Municipal Corporation,Chavara,117
in Kollam Taluk,Grama Panchayat,in Kollam Taluk Grama Panchayat,Chavara,117
Chavara,Grama Panchayat,Chavara Grama Panchayat,Chavara,117
Neendakara,Grama Panchayat,Neendakara Grama Panchayat,Chavara,117
Panmana,Grama Panchayat,Panmana Grama Panchayat,Chavara,117
Thekkumbhagom,Grama Panchayat,Thekkumbhagom Grama Panchayat,Chavara,117
Thevalakkara,Grama Panchayat,Thevalakkara Grama Panchayat,Chavara,117
East Kallada,Grama Panchayat,East Kallada Grama Panchayat,Kunnathur (SC),118
Mundrothuruth,Grama Panchayat,Mundrothuruth Grama Panchayat,Kunnathur (SC),118
and Kunnathur,Grama Panchayat,and Kunnathur Grama Panchayat,Kunnathur (SC),118
Mynagappally,Grama Panchayat,Mynagappally Grama Panchayat,Kunnathur (SC),118
Poruvazhy,Grama Panchayat,Poruvazhy Grama Panchayat,Kunnathur (SC),118
Sasthamcotta,Grama Panchayat,Sasthamcotta Grama Panchayat,Kunnathur (SC),118
Sooranad North,Grama Panchayat,Sooranad North Grama Panchayat,Kunnathur (SC),118
Sooranad South,Grama Panchayat,Sooranad South Grama Panchayat,Kunnathur (SC),118
West Kallada,Grama Panchayat,West Kallada Grama Panchayat,Kunnathur (SC),118
and Pavithreswaram,Grama Panchayat,and Pavithreswaram Grama Panchayat,Kunnathur (SC),118
Ezhukone,Grama Panchayat,Ezhukone Grama Panchayat,Kottarakkara,119
Kareepra,Grama Panchayat,Kareepra Grama Panchayat,Kottarakkara,119
Kottarakkara,Grama Panchayat,Kottarakkara Grama Panchayat,Kottarakkara,119
Kulakkada,Grama Panchayat,Kulakkada Grama Panchayat,Kottarakkara,119
Mylom,Grama Panchayat,Mylom Grama Panchayat,Kottarakkara,119
Neduvathur,Grama Panchayat,Neduvathur Grama Panchayat,Kottarakkara,119
Ummannoor,Grama Panchayat,Ummannoor Grama Panchayat,Kottarakkara,119
Veliyam,Grama Panchayat,Veliyam Grama Panchayat,Kottarakkara,119
Melila,Grama Panchayat,Melila Grama Panchayat,Pathanapuram,120
Vettikkavala,Grama Panchayat,Vettikkavala Grama Panchayat,Pathanapuram,120
and Pathanapuram,Grama Panchayat,and Pathanapuram Grama Panchayat,Pathanapuram,120
Pattazhy,Grama Panchayat,Pattazhy Grama Panchayat,Pathanapuram,120
Pattazhy Vadakkekara,Grama Panchayat,Pattazhy Vadakkekara Grama Panchayat,Pathanapuram,120
Piravanthoor,Grama Panchayat,Piravanthoor Grama Panchayat,Pathanapuram,120
Thalavoor,Grama Panchayat,Thalavoor Grama Panchayat,Pathanapuram,120
Vilakkudy,Grama Panchayat,Vilakkudy Grama Panchayat,Pathanapuram,120
Punalur Municipality,Municipality,Punalur Municipality,Punalur,121
Anchal,Grama Panchayat,Anchal Grama Panchayat,Punalur,121
Ariyankavu,Grama Panchayat,Ariyankavu Grama Panchayat,Punalur,121
Edamulakkal,Grama Panchayat,Edamulakkal Grama Panchayat,Punalur,121
Eroor,Grama Panchayat,Eroor Grama Panchayat,Punalur,121
Karavaloor,Grama Panchayat,Karavaloor Grama Panchayat,Punalur,121
Kulathupuzha,Grama Panchayat,Kulathupuzha Grama Panchayat,Punalur,121
Thenmala,Grama Panchayat,Thenmala Grama Panchayat,Punalur,121
Alayamon,Grama Panchayat,Alayamon Grama Panchayat,Chadayamangalam,122
and Chadayamangalam,Grama Panchayat,and Chadayamangalam Grama Panchayat,Chadayamangalam,122
Chithara,Grama Panchayat,Chithara Grama Panchayat,Chadayamangalam,122
Elamad,Grama Panchayat,Elamad Grama Panchayat,Chadayamangalam,122
Ittiva,Grama Panchayat,Ittiva Grama Panchayat,Chadayamangalam,122
Kadakkal,Grama Panchayat,Kadakkal Grama Panchayat,Chadayamangalam,122
Nilamel,Grama Panchayat,Nilamel Grama Panchayat,Chadayamangalam,122
Velinalloor,Grama Panchayat,Velinalloor Grama Panchayat,Chadayamangalam,122
Elampalloor,Grama Panchayat,Elampalloor Grama Panchayat,Kundara,123
Kottamkara,Grama Panchayat,Kottamkara Grama Panchayat,Kundara,123
Kundara,Grama Panchayat,Kundara Grama Panchayat,Kundara,123
Nedumpana,Grama Panchayat,Nedumpana Grama Panchayat,Kundara,123
Perayam Perinad,Grama Panchayat,Perayam Perinad Grama Panchayat,Kundara,123
Thrikkovilvattom,Grama Panchayat,Thrikkovilvattom Grama Panchayat,Kundara,123
Ward No. 6,Municipal Corporation,Kollam Municipal Corporation,Kollam,124
Ward No. 7,Municipal Corporation,Kollam Municipal Corporation,Kollam,124
Ward No. 8,Municipal Corporation,Kollam Municipal Corporation,Kollam,124
Ward No. 9,Municipal Corporation,Kollam Municipal Corporation,Kollam,124
Ward No. 10,Municipal Corporation,Kollam Municipal Corporation,Kollam,124
Ward No. 11,Municipal Corporation,Kollam Municipal Corporation,Kollam,124
Ward No. 12,Municipal Corporation,Kollam Municipal Corporation,Kollam,124
Ward No. 13,Municipal Corporation,Kollam Municipal Corporation,Kollam,124
Ward No. 16,Municipal Corporation,Kollam Municipal Corporation,Kollam,124
Ward No. 17,Municipal Corporation,Kollam Municipal Corporation,Kollam,124
Ward No. 18,Municipal Corporation,Kollam Municipal Corporation,Kollam,124
Ward No. 19,Municipal Corporation,Kollam Municipal Corporation,Kollam,124
Ward No. 42,Municipal Corporation,Kollam Municipal Corporation,Kollam,124
Ward No. 43,Municipal Corporation,Kollam Municipal Corporation,Kollam,124
Ward No. 44,Municipal Corporation,Kollam Municipal Corporation,Kollam,124
Ward No. 45,Municipal Corporation,Kollam Municipal Corporation,Kollam,124
Ward No. 46,Municipal Corporation,Kollam Municipal Corporation,Kollam,124
Ward No. 47,Municipal Corporation,Kollam Municipal Corporation,Kollam,124
Ward No. 48,Municipal Corporation,Kollam Municipal Corporation,Kollam,124
Panayam Thrikkadavoor,Grama Panchayat,Panayam Thrikkadavoor Grama Panchayat,Kollam,124
Thrikkaruva,Grama Panchayat,Thrikkaruva Grama Panchayat,Kollam,124
Ward No. 14,Municipal Corporation,Kollam Municipal Corporation,Eravipuram,125
Ward No. 15,Municipal Corporation,Kollam Municipal Corporation,Eravipuram,125
Ward No. 20,Municipal Corporation,Kollam Municipal Corporation,Eravipuram,125
Ward No. 21,Municipal Corporation,Kollam Municipal Corporation,Eravipuram,125
Ward No. 22,Municipal Corporation,Kollam Municipal Corporation,Eravipuram,125
Ward No. 23,Municipal Corporation,Kollam Municipal Corporation,Eravipuram,125
Ward No. 24,Municipal Corporation,Kollam Municipal Corporation,Eravipuram,125
Ward No. 25,Municipal Corporation,Kollam Municipal Corporation,Eravipuram,125
Ward No. 26,Municipal Corporation,Kollam Municipal Corporation,Eravipuram,125
Ward No. 27,Municipal Corporation,Kollam Municipal Corporation,Eravipuram,125
Ward No. 28,Municipal Corporation,Kollam Municipal Corporation,Eravipuram,125
Ward No. 29,Municipal Corporation,Kollam Municipal Corporation,Eravipuram,125
Ward No. 30,Municipal Corporation,Kollam Municipal Corporation,Eravipuram,125
Ward No. 31,Municipal Corporation,Kollam Municipal Corporation,Eravipuram,125
Ward No. 32,Municipal Corporation,Kollam Municipal Corporation,Eravipuram,125
Ward No. 33,Municipal Corporation,Kollam Municipal Corporation,Eravipuram,125
Ward No. 34,Municipal Corporation,Kollam Municipal Corporation,Eravipuram,125
Ward No. 35,Municipal Corporation,Kollam Municipal Corporation,Eravipuram,125
Ward No. 36,Municipal Corporation,Kollam Municipal Corporation,Eravipuram,125
Ward No. 37,Municipal Corporation,Kollam Municipal Corporation,Eravipuram,125
Ward No. 38,Municipal Corporation,Kollam Municipal Corporation,Eravipuram,125
Ward No. 39,Municipal Corporation,Kollam Municipal Corporation,Eravipuram,125
Ward No. 40,Municipal Corporation,Kollam Municipal Corporation,Eravipuram,125
Ward No. 41,Municipal Corporation,Kollam Municipal Corporation,Eravipuram,125
and Mayyanad,Grama Panchayat,and Mayyanad Grama Panchayat,Eravipuram,125
Paravoor Municipality,Municipality,Paravoor Municipality,Chathannoor,126
Adichanalloor,Grama Panchayat,Adichanalloor Grama Panchayat,Chathannoor,126
Chathannoor,Grama Panchayat,Chathannoor Grama Panchayat,Chathannoor,126
Kalluvathukkal,Grama Panchayat,Kalluvathukkal Grama Panchayat,Chathannoor,126
Poothakkulam,Grama Panchayat,Poothakkulam Grama Panchayat,Chathannoor,126
and Pooyappally,Grama Panchayat,and Pooyappally Grama Panchayat,Chathannoor,126
Varkala Municipality,Municipality,Varkala Municipality,Varkala,127
Chemmaruthy,Grama Panchayat,Chemmaruthy Grama Panchayat,Varkala,127
Edava,Grama Panchayat,Edava Grama Panchayat,Varkala,127
Elakamon,Grama Panchayat,Elakamon Grama Panchayat,Varkala,127
Madavoor,Grama Panchayat,Madavoor Grama Panchayat,Varkala,127
Navaikulam,Grama Panchayat,Navaikulam Grama Panchayat,Varkala,127
Pallickal,Grama Panchayat,Pallickal Grama Panchayat,Varkala,127
Vettoor,Grama Panchayat,Vettoor Grama Panchayat,Varkala,127
Attingal Municipality,Municipality,Attingal Municipality,Attingal (SC),128
Cherunniyoor,Grama Panchayat,Cherunniyoor Grama Panchayat,Attingal (SC),128
Karavaram,Grama Panchayat,Karavaram Grama Panchayat,Attingal (SC),128
Kilimanoor,Grama Panchayat,Kilimanoor Grama Panchayat,Attingal (SC),128
Manamboor,Grama Panchayat,Manamboor Grama Panchayat,Attingal (SC),128
Nagaroor,Grama Panchayat,Nagaroor Grama Panchayat,Attingal (SC),128
Ottoor,Grama Panchayat,Ottoor Grama Panchayat,Attingal (SC),128
Pazhayakunnummel,Grama Panchayat,Pazhayakunnummel Grama Panchayat,Attingal (SC),128
Pulimath,Grama Panchayat,Pulimath Grama Panchayat,Attingal (SC),128
Vakkom,Grama Panchayat,Vakkom Grama Panchayat,Attingal (SC),128
Anjuthengu,Grama Panchayat,Anjuthengu Grama Panchayat,Chirayinkeezhu,129
Azhoor,Grama Panchayat,Azhoor Grama Panchayat,Chirayinkeezhu,129
Chirayinkeezhu,Grama Panchayat,Chirayinkeezhu Grama Panchayat,Chirayinkeezhu,129
Kadakkavoor,Grama Panchayat,Kadakkavoor Grama Panchayat,Chirayinkeezhu,129
Kizhuvilam,Grama Panchayat,Kizhuvilam Grama Panchayat,Chirayinkeezhu,129
Mudakkal,Grama Panchayat,Mudakkal Grama Panchayat,Chirayinkeezhu,129
and Kadinamkulam,Grama Panchayat,and Kadinamkulam Grama Panchayat,Chirayinkeezhu,129
Mangalapuram,Grama Panchayat,Mangalapuram Grama Panchayat,Chirayinkeezhu,129
Nedumangad Municipality,Municipality,Nedumangad Municipality,Nedumangad,130
Manikkal,Grama Panchayat,Manikkal Grama Panchayat,Nedumangad,130
Karakulam,Grama Panchayat,Karakulam Grama Panchayat,Nedumangad,130
and Andoorkonam,Grama Panchayat,and Andoorkonam Grama Panchayat,Nedumangad,130
Pothencode,Grama Panchayat,Pothencode Grama Panchayat,Nedumangad,130
Vembayam,Grama Panchayat,Vembayam Grama Panchayat,Nedumangad,130
Nellanad,Grama Panchayat,Nellanad Grama Panchayat,Vamanapuram,131
Pullampara,Grama Panchayat,Pullampara Grama Panchayat,Vamanapuram,131
Vamanapuram,Grama Panchayat,Vamanapuram Grama Panchayat,Vamanapuram,131
Anad,Grama Panchayat,Anad Grama Panchayat,Vamanapuram,131
Kallara,Grama Panchayat,Kallara Grama Panchayat,Vamanapuram,131
Nanniyode,Grama Panchayat,Nanniyode Grama Panchayat,Vamanapuram,131
Panavoor,Grama Panchayat,Panavoor Grama Panchayat,Vamanapuram,131
Pangode,Grama Panchayat,Pangode Grama Panchayat,Vamanapuram,131
Peringamala,Grama Panchayat,Peringamala Grama Panchayat,Vamanapuram,131
Ward No. 1,Municipal Corporation,Thiruvananthapuram Municipal Corporation,Kazhakoottam,132
Ward No. 2,Municipal Corporation,Thiruvananthapuram Municipal Corporation,Kazhakoottam,132
Ward No. 3,Municipal Corporation,Thiruvananthapuram Municipal Corporation,Kazhakoottam,132
Ward No. 4,Municipal Corporation,Thiruvananthapuram Municipal Corporation,Kazhakoottam,132
Ward No. 5,Municipal Corporation,Thiruvananthapuram Municipal Corporation,Kazhakoottam,132
Ward No. 6,Municipal Corporation,Thiruvananthapuram Municipal Corporation,Kazhakoottam,132
Ward No. 7,Municipal Corporation,Thiruvananthapuram Municipal Corporation,Kazhakoottam,132
Ward No. 8,Municipal Corporation,Thiruvananthapuram Municipal Corporation,Kazhakoottam,132
Ward No. 9,Municipal Corporation,Thiruvananthapuram Municipal Corporation,Kazhakoottam,132
Ward No. 10,Municipal Corporation,Thiruvananthapuram Municipal Corporation,Kazhakoottam,132
Ward No. 11,Municipal Corporation,Thiruvananthapuram Municipal Corporation,Kazhakoottam,132
Ward No. 12,Municipal Corporation,Thiruvananthapuram Municipal Corporation,Kazhakoottam,132
Ward No. 14,Municipal Corporation,Thiruvananthapuram Municipal Corporation,Kazhakoottam,132
Ward No. 76,Municipal Corporation,Thiruvananthapuram Municipal Corporation,Kazhakoottam,132
Ward No. 79,Municipal Corporation,Thiruvananthapuram Municipal Corporation,Kazhakoottam,132
Ward No. 81,Municipal Corporation,Thiruvananthapuram Municipal Corporation,Kazhakoottam,132
Kazhakoottam,Grama Panchayat,Kazhakoottam Grama Panchayat,Kazhakoottam,132
Sreekaryam,Grama Panchayat,Sreekaryam Grama Panchayat,Kazhakoottam,132
Ward No. 13,Municipal Corporation,Thiruvananthapuram Municipal Corporation,Vattiyoorkavu (SC),133
Ward No. 15,Municipal Corporation,Thiruvananthapuram Municipal Corporation,Vattiyoorkavu (SC),133
Ward No. 16,Municipal Corporation,Thiruvananthapuram Municipal Corporation,Vattiyoorkavu (SC),133
Ward No. 17,Municipal Corporation,Thiruvananthapuram Municipal Corporation,Vattiyoorkavu (SC),133
Ward No. 18,Municipal Corporation,Thiruvananthapuram Municipal Corporation,Vattiyoorkavu (SC),133
Ward No. 19,Municipal Corporation,Thiruvananthapuram Municipal Corporation,Vattiyoorkavu (SC),133
Ward No. 20,Municipal Corporation,Thiruvananthapuram Municipal Corporation,Vattiyoorkavu (SC),133
Ward No. 21,Municipal Corporation,Thiruvananthapuram Municipal Corporation,Vattiyoorkavu (SC),133
Ward No. 22,Municipal Corporation,Thiruvananthapuram Municipal Corporation,Vattiyoorkavu (SC),133
Ward No. 23,Municipal Corporation,Thiruvananthapuram Municipal Corporation,Vattiyoorkavu (SC),133
Ward No. 24,Municipal Corporation,Thiruvananthapuram Municipal Corporation,Vattiyoorkavu (SC),133
Ward No. 25,Municipal Corporation,Thiruvananthapuram Municipal Corporation,Vattiyoorkavu (SC),133
Ward No. 31,Municipal Corporation,Thiruvananthapuram Municipal Corporation,Vattiyoorkavu (SC),133
Ward No. 32,Municipal Corporation,Thiruvananthapuram Municipal Corporation,Vattiyoorkavu (SC),133
Ward No. 33,Municipal Corporation,Thiruvananthapuram Municipal Corporation,Vattiyoorkavu (SC),133
Ward No. 34,Municipal Corporation,Thiruvananthapuram Municipal Corporation,Vattiyoorkavu (SC),133
Ward No. 35,Municipal Corporation,Thiruvananthapuram Municipal Corporation,Vattiyoorkavu (SC),133
Ward No. 36,Municipal Corporation,Thiruvananthapuram Municipal Corporation,Vattiyoorkavu (SC),133
Kudappanakunnu,Grama Panchayat,Kudappanakunnu Grama Panchayat,Vattiyoorkavu (SC),133
Vattiyoorkavu,Grama Panchayat,Vattiyoorkavu Grama Panchayat,Vattiyoorkavu (SC),133
Ward No. 26,Municipal Corporation,Thiruvananthapuram Municipal Corporation,Thiruvananthapuram,134
Ward No. 27,Municipal Corporation,Thiruvananthapuram Municipal Corporation,Thiruvananthapuram,134
Ward No. 28,Municipal Corporation,Thiruvananthapuram Municipal Corporation,Thiruvananthapuram,134
Ward No. 29,Municipal Corporation,Thiruvananthapuram Municipal Corporation,Thiruvananthapuram,134
Ward No. 30,Municipal Corporation,Thiruvananthapuram Municipal Corporation,Thiruvananthapuram,134
Ward No. 40,Municipal Corporation,Thiruvananthapuram Municipal Corporation,Thiruvananthapuram,134
Ward No. 41,Municipal Corporation,Thiruvananthapuram Municipal Corporation,Thiruvananthapuram,134
Ward No. 42,Municipal Corporation,Thiruvananthapuram Municipal Corporation,Thiruvananthapuram,134
Ward No. 43,Municipal Corporation,Thiruvananthapuram Municipal Corporation,Thiruvananthapuram,134
Ward No. 44,Municipal Corporation,Thiruvananthapuram Municipal Corporation,Thiruvananthapuram,134
Ward No. 45,Municipal Corporation,Thiruvananthapuram Municipal Corporation,Thiruvananthapuram,134
Ward No. 46,Municipal Corporation,Thiruvananthapuram Municipal Corporation,Thiruvananthapuram,134
Ward No. 47,Municipal Corporation,Thiruvananthapuram Municipal Corporation,Thiruvananthapuram,134
Ward No. 59,Municipal Corporation,Thiruvananthapuram Municipal Corporation,Thiruvananthapuram,134
Ward No. 60,Municipal Corporation,Thiruvananthapuram Municipal Corporation,Thiruvananthapuram,134
Ward No. 69,Municipal Corporation,Thiruvananthapuram Municipal Corporation,Thiruvananthapuram,134
Ward No. 70,Municipal Corporation,Thiruvananthapuram Municipal Corporation,Thiruvananthapuram,134
Ward No. 71,Municipal Corporation,Thiruvananthapuram Municipal Corporation,Thiruvananthapuram,134
Ward No. 72,Municipal Corporation,Thiruvananthapuram Municipal Corporation,Thiruvananthapuram,134
Ward No. 73,Municipal Corporation,Thiruvananthapuram Municipal Corporation,Thiruvananthapuram,134
Ward No. 74,Municipal Corporation,Thiruvananthapuram Municipal Corporation,Thiruvananthapuram,134
Ward No. 75,Municipal Corporation,Thiruvananthapuram Municipal Corporation,Thiruvananthapuram,134
Ward No. 77,Municipal Corporation,Thiruvananthapuram Municipal Corporation,Thiruvananthapuram,134
Ward No. 78,Municipal Corporation,Thiruvananthapuram Municipal Corporation,Thiruvananthapuram,134
Ward No. 80,Municipal Corporation,Thiruvananthapuram Municipal Corporation,Thiruvananthapuram,134
Ward No. 37,Municipal Corporation,Thiruvananthapuram Municipal Corporation,Nemom,135
Ward No. 38,Municipal Corporation,Thiruvananthapuram Municipal Corporation,Nemom,135
Ward No. 39,Municipal Corporation,Thiruvananthapuram Municipal Corporation,Nemom,135
Ward No. 48,Municipal Corporation,Thiruvananthapuram Municipal Corporation,Nemom,135
Ward No. 49,Municipal Corporation,Thiruvananthapuram Municipal Corporation,Nemom,135
Ward No. 50,Municipal Corporation,Thiruvananthapuram Municipal Corporation,Nemom,135
Ward No. 51,Municipal Corporation,Thiruvananthapuram Municipal Corporation,Nemom,135
Ward No. 52,Municipal Corporation,Thiruvananthapuram Municipal Corporation,Nemom,135
Ward No. 53,Municipal Corporation,Thiruvananthapuram Municipal Corporation,Nemom,135
Ward No. 54,Municipal Corporation,Thiruvananthapuram Municipal Corporation,Nemom,135
Ward No. 55,Municipal Corporation,Thiruvananthapuram Municipal Corporation,Nemom,135
Ward No. 56,Municipal Corporation,Thiruvananthapuram Municipal Corporation,Nemom,135
Ward No. 57,Municipal Corporation,Thiruvananthapuram Municipal Corporation,Nemom,135
Ward No. 58,Municipal Corporation,Thiruvananthapuram Municipal Corporation,Nemom,135
Ward No. 61,Municipal Corporation,Thiruvananthapuram Municipal Corporation,Nemom,135
Ward No. 62,Municipal Corporation,Thiruvananthapuram Municipal Corporation,Nemom,135
Ward No. 63,Municipal Corporation,Thiruvananthapuram Municipal Corporation,Nemom,135
Ward No. 64,Municipal Corporation,Thiruvananthapuram Municipal Corporation,Nemom,135
Ward No. 65,Municipal Corporation,Thiruvananthapuram Municipal Corporation,Nemom,135
Ward No. 66,Municipal Corporation,Thiruvananthapuram Municipal Corporation,Nemom,135
Ward No. 67,Municipal Corporation,Thiruvananthapuram Municipal Corporation,Nemom,135
Ward No. 68,Municipal Corporation,Thiruvananthapuram Municipal Corporation,Nemom,135
Aruvikkara,Grama Panchayat,Aruvikkara Grama Panchayat,Aruvikkara,136
Aryanad,Grama Panchayat,Aryanad Grama Panchayat,Aruvikkara,136
Tholicode,Grama Panchayat,Tholicode Grama Panchayat,Aruvikkara,136
Vithura,Grama Panchayat,Vithura Grama Panchayat,Aruvikkara,136
Kuttichal,Grama Panchayat,Kuttichal Grama Panchayat,Aruvikkara,136
Poovachal,Grama Panchayat,Poovachal Grama Panchayat,Aruvikkara,136
Vellanad,Grama Panchayat,Vellanad Grama Panchayat,Aruvikkara,136
Uzhamalackal,Grama Panchayat,Uzhamalackal Grama Panchayat,Aruvikkara,136
Amboori,Grama Panchayat,Amboori Grama Panchayat,Parassala,137
Aryancode,Grama Panchayat,Aryancode Grama Panchayat,Parassala,137
Kallikkad,Grama Panchayat,Kallikkad Grama Panchayat,Parassala,137
Kollayil,Grama Panchayat,Kollayil Grama Panchayat,Parassala,137
Kunnathukal,Grama Panchayat,Kunnathukal Grama Panchayat,Parassala,137
Ottasekharamangalam,Grama Panchayat,Ottasekharamangalam Grama Panchayat,Parassala,137
Parassala,Grama Panchayat,Parassala Grama Panchayat,Parassala,137
Perumkadavila,Grama Panchayat,Perumkadavila Grama Panchayat,Parassala,137
Vellarada,Grama Panchayat,Vellarada Grama Panchayat,Parassala,137
Kattakkada,Grama Panchayat,Kattakkada Grama Panchayat,Kattakkada,138
Malayinkeezhu,Grama Panchayat,Malayinkeezhu Grama Panchayat,Kattakkada,138
Maranalloor,Grama Panchayat,Maranalloor Grama Panchayat,Kattakkada,138
Pallichal,Grama Panchayat,Pallichal Grama Panchayat,Kattakkada,138
Vilappil,Grama Panchayat,Vilappil Grama Panchayat,Kattakkada,138
Vilavoorkal,Grama Panchayat,Vilavoorkal Grama Panchayat,Kattakkada,138
Balaramapuram,Grama Panchayat,Balaramapuram Grama Panchayat,Kovalam,139
Kalliyoor,Grama Panchayat,Kalliyoor Grama Panchayat,Kovalam,139
Venganoor,Grama Panchayat,Venganoor Grama Panchayat,Kovalam,139
and Balaramapuram,Grama Panchayat,and Balaramapuram Grama Panchayat,Kovalam,139
Kanjiramkulam,Grama Panchayat,Kanjiramkulam Grama Panchayat,Kovalam,139
Karumkulam,Grama Panchayat,Karumkulam Grama Panchayat,Kovalam,139
Kottukal,Grama Panchayat,Kottukal Grama Panchayat,Kovalam,139
Poovar,Grama Panchayat,Poovar Grama Panchayat,Kovalam,139
Vizhinjam,Grama Panchayat,Vizhinjam Grama Panchayat,Kovalam,139
Neyyattinkara Municipality,Municipality,Neyyattinkara Municipality,Neyyattinkara,140
Athiyannur,Grama Panchayat,Athiyannur Grama Panchayat,Neyyattinkara,140
Chenkal,Grama Panchayat,Chenkal Grama Panchayat,Neyyattinkara,140
Karode,Grama Panchayat,Karode Grama Panchayat,Neyyattinkara,140
Kulathoor,Grama Panchayat,Kulathoor Grama Panchayat,Neyyattinkara,140
Thirupuram,Grama Panchayat,Thirupuram Grama Panchayat,Neyyattinkara,140